business_name,business_category,website,phone,email,address,city,state,zip_code,country,rating,review_count,source_name,source_url,date_collected,quality_score,recommended_contact_method,multi_source,notes
Expertise.com,Digital Marketing Agency,https://www.facebook.com/ExpertiseLocal,+18777697769,,,Chicago,Illinois,,United States,,,Expertise.com,https://www.expertise.com/business/digital-marketing-agencies/illinois/chicago,2026-06-30,70,Phone,True,
Providers,Digital Marketing Agency,https://www.bettiebomb.com,+18776455747,,,Chicago,Illinois,,United States,,,Expertise.com,https://www.expertise.com/business/marketing-consultants/illinois/chicago,2026-06-30,70,Phone,True,
Providers,Digital Marketing Agency,https://thisismess.com,,,,Chicago,Illinois,,United States,,,Expertise.com,https://www.expertise.com/business/digital-marketing-agencies/illinois/chicago,2026-06-30,50,Website Contact Form,True,
Why choose this provider?,Digital Marketing Agency,,+18482665776,,,Chicago,Illinois,,United States,,,Expertise.com,https://www.expertise.com/business/marketing-consultants/illinois/chicago,2026-06-30,50,Phone,True,
UPRISE Management,Digital Marketing Agency,https://www.uprisemgmt.com,,,,Chicago,Illinois,,United States,,,Expertise.com,https://www.expertise.com/business/digital-marketing-agencies/illinois/chicago,2026-06-30,50,Website Contact Form,True,
"Solid Digital, LLC",Digital Marketing Agency,https://soliddigital.com,,,,Chicago,Illinois,,United States,,,Expertise.com,https://www.expertise.com/business/digital-marketing-agencies/illinois/chicago,2026-06-30,50,Website Contact Form,True,
Colony Spark,Digital Marketing Agency,https://www.colonyspark.com/revenue-messaging-audit,,,,Chicago,Illinois,,United States,,,Expertise.com,https://www.expertise.com/business/digital-marketing-agencies/illinois/chicago,2026-06-30,40,Website Contact Form,False,
Colormatics,Digital Marketing Agency,https://form.typeform.com/to/EaOM8Q,,,,Chicago,Illinois,,United States,,,Expertise.com,https://www.expertise.com/business/digital-marketing-agencies/illinois/chicago,2026-06-30,40,Website Contact Form,False,
BusySeed,Digital Marketing Agency,https://www.busyseed.com,,,,Chicago,Illinois,,United States,,,Expertise.com,https://www.expertise.com/business/digital-marketing-agencies/illinois/chicago,2026-06-30,40,Website Contact Form,False,
Digital Destination,Digital Marketing Agency,https://digitaldestinationllc.com,,,,Chicago,Illinois,,United States,,,Expertise.com,https://www.expertise.com/business/digital-marketing-agencies/illinois/chicago,2026-06-30,40,Website Contact Form,False,
"myWHY Agency, Inc",Digital Marketing Agency,https://www.mywhyagency.com,,,,Chicago,Illinois,,United States,,,Expertise.com,https://www.expertise.com/business/digital-marketing-agencies/illinois/chicago,2026-06-30,40,Website Contact Form,False,
Idea Booth,Digital Marketing Agency,https://www.idea-booth.com,,,,Chicago,Illinois,,United States,,,Expertise.com,https://www.expertise.com/business/digital-marketing-agencies/illinois/chicago,2026-06-30,40,Website Contact Form,False,
Marketing By Kevin,Digital Marketing Agency,https://marketingbykevin.com,,,,Chicago,Illinois,,United States,,,Expertise.com,https://www.expertise.com/business/digital-marketing-agencies/illinois/chicago,2026-06-30,40,Website Contact Form,False,
dNOVO Group | Lawyer Marketing and SEO,Digital Marketing Agency,https://dnovogroup.com,,,,Chicago,Illinois,,United States,,,Expertise.com,https://www.expertise.com/business/digital-marketing-agencies/illinois/chicago,2026-06-30,40,Website Contact Form,False,
Comrade Digital Marketing,Digital Marketing Agency,https://comradeweb.com,,,,Chicago,Illinois,,United States,,,Expertise.com,https://www.expertise.com/business/digital-marketing-agencies/illinois/chicago,2026-06-30,40,Website Contact Form,False,
NeigerDesign,Digital Marketing Agency,https://neigerdesign.com,,,,Chicago,Illinois,,United States,,,Expertise.com,https://www.expertise.com/business/digital-marketing-agencies/illinois/chicago,2026-06-30,40,Website Contact Form,False,
KitelyTech,Digital Marketing Agency,https://kitelytech.com,,,,Chicago,Illinois,,United States,,,Expertise.com,https://www.expertise.com/business/digital-marketing-agencies/illinois/chicago,2026-06-30,40,Website Contact Form,False,
NectarSpot Inc.,Digital Marketing Agency,https://nectarspot.com,,,,Chicago,Illinois,,United States,,,Expertise.com,https://www.expertise.com/business/digital-marketing-agencies/illinois/chicago,2026-06-30,40,Website Contact Form,False,
Pietryla PR & Marketing LLC,Digital Marketing Agency,https://www.pietrylapr.com,,,,Chicago,Illinois,,United States,,,Expertise.com,https://www.expertise.com/business/digital-marketing-agencies/illinois/chicago,2026-06-30,40,Website Contact Form,False,
1o8,Digital Marketing Agency,https://1o8.agency,,,,Chicago,Illinois,,United States,,,Expertise.com,https://www.expertise.com/business/digital-marketing-agencies/illinois/chicago,2026-06-30,40,Website Contact Form,False,
Perfect Search Media,Digital Marketing Agency,https://perfectsearchmedia.com,,,,Chicago,Illinois,,United States,,,Expertise.com,https://www.expertise.com/business/digital-marketing-agencies/illinois/chicago,2026-06-30,40,Website Contact Form,False,
DigitalMarketing360,Digital Marketing Agency,https://www.digitalmarketing360.com,,,,Chicago,Illinois,,United States,,,Expertise.com,https://www.expertise.com/business/digital-marketing-agencies/illinois/chicago,2026-06-30,40,Website Contact Form,False,
Orange SEO,Digital Marketing Agency,https://www.orangeseo.net,,,,Chicago,Illinois,,United States,,,Expertise.com,https://www.expertise.com/business/digital-marketing-agencies/illinois/chicago,2026-06-30,40,Website Contact Form,False,
Operation Technology,Digital Marketing Agency,https://operationtechnology.com,,,,Chicago,Illinois,,United States,,,Expertise.com,https://www.expertise.com/business/digital-marketing-agencies/illinois/chicago,2026-06-30,40,Website Contact Form,False,
Radiant Digital,Digital Marketing Agency,https://radiant-hosting.com,,,,Chicago,Illinois,,United States,,,Expertise.com,https://www.expertise.com/business/digital-marketing-agencies/illinois/chicago,2026-06-30,40,Website Contact Form,False,
ComboApp,Digital Marketing Agency,https://comboapp.com,,,,Chicago,Illinois,,United States,,,Expertise.com,https://www.expertise.com/business/digital-marketing-agencies/illinois/chicago,2026-06-30,40,Website Contact Form,False,
Taylor Johnson,Digital Marketing Agency,https://taylorjohnson.com,,,,Chicago,Illinois,,United States,,,Expertise.com,https://www.expertise.com/business/social-media-marketing/illinois/chicago,2026-06-30,40,Website Contact Form,False,
Bomb & Bossy,Digital Marketing Agency,https://www.bombandbossy.com,,,,Chicago,Illinois,,United States,,,Expertise.com,https://www.expertise.com/business/social-media-marketing/illinois/chicago,2026-06-30,40,Website Contact Form,False,
3Points Communications,Digital Marketing Agency,https://3ptscomm.com,,,,Chicago,Illinois,,United States,,,Expertise.com,https://www.expertise.com/business/social-media-marketing/illinois/chicago,2026-06-30,40,Website Contact Form,False,
Bright Bright Great,Digital Marketing Agency,https://brightbrightgreat.com,,,,Chicago,Illinois,,United States,,,Expertise.com,https://www.expertise.com/business/social-media-marketing/illinois/chicago,2026-06-30,40,Website Contact Form,False,
Heron Agency,Digital Marketing Agency,https://heronagency.com,,,,Chicago,Illinois,,United States,,,Expertise.com,https://www.expertise.com/business/social-media-marketing/illinois/chicago,2026-06-30,40,Website Contact Form,False,
Oak Street Social,Digital Marketing Agency,https://oakstsocial.com,,,,Chicago,Illinois,,United States,,,Expertise.com,https://www.expertise.com/business/social-media-marketing/illinois/chicago,2026-06-30,40,Website Contact Form,False,
Lcwa,Digital Marketing Agency,https://lcwa.com,,,,Chicago,Illinois,,United States,,,Expertise.com,https://www.expertise.com/business/social-media-marketing/illinois/chicago,2026-06-30,40,Website Contact Form,False,
Symbiont Group,Digital Marketing Agency,https://symbiontgroup.com,,,,Chicago,Illinois,,United States,,,Expertise.com,https://www.expertise.com/business/social-media-marketing/illinois/chicago,2026-06-30,40,Website Contact Form,False,
DCC Marketing,Digital Marketing Agency,https://dccmarketing.com,,,,Chicago,Illinois,,United States,,,Expertise.com,https://www.expertise.com/business/social-media-marketing/illinois/chicago,2026-06-30,40,Website Contact Form,False,
1Brand,Digital Marketing Agency,https://1brand.design,,,,Chicago,Illinois,,United States,,,Expertise.com,https://www.expertise.com/business/social-media-marketing/illinois/chicago,2026-06-30,40,Website Contact Form,False,
Hawthorne Strategy Group,Digital Marketing Agency,https://hawthornestrategy.com,,,,Chicago,Illinois,,United States,,,Expertise.com,https://www.expertise.com/business/marketing-consultants/illinois/chicago,2026-06-30,40,Website Contact Form,False,
Verve Marketing Group,Digital Marketing Agency,https://vervemarketinggroup.com,,,,Chicago,Illinois,,United States,,,Expertise.com,https://www.expertise.com/business/marketing-consultants/illinois/chicago,2026-06-30,40,Website Contact Form,False,
Retailbound,Digital Marketing Agency,https://retailbound.com,,,,Chicago,Illinois,,United States,,,Expertise.com,https://www.expertise.com/business/marketing-consultants/illinois/chicago,2026-06-30,40,Website Contact Form,False,
CBD Marketing,Digital Marketing Agency,https://cbdmarketing.com,,,,Chicago,Illinois,,United States,,,Expertise.com,https://www.expertise.com/business/marketing-consultants/illinois/chicago,2026-06-30,40,Website Contact Form,False,
EM Search Consulting,Digital Marketing Agency,https://emsearchconsulting.com,,,,Chicago,Illinois,,United States,,,Expertise.com,https://www.expertise.com/business/marketing-consultants/illinois/chicago,2026-06-30,40,Website Contact Form,False,
"50,000feet, Inc.",Digital Marketing Agency,https://50000feet.com,,,,Chicago,Illinois,,United States,,,Expertise.com,https://www.expertise.com/business/marketing-consultants/illinois/chicago,2026-06-30,40,Website Contact Form,False,
Simple Truth,Digital Marketing Agency,https://yoursimpletruth.com,,,,Chicago,Illinois,,United States,,,Expertise.com,https://www.expertise.com/business/marketing-consultants/illinois/chicago,2026-06-30,40,Website Contact Form,False,
DeSoto & State Communications,Digital Marketing Agency,https://www.desotostate.com,,,,Chicago,Illinois,,United States,,,Expertise.com,https://www.expertise.com/business/marketing-consultants/illinois/chicago,2026-06-30,40,Website Contact Form,False,
Innovaxis Marketing Consulting,Digital Marketing Agency,https://innovaxisinc.com,,,,Chicago,Illinois,,United States,,,Expertise.com,https://www.expertise.com/business/marketing-consultants/illinois/chicago,2026-06-30,40,Website Contact Form,False,
Our Recommended Top 24,Digital Marketing Agency,,,,,Chicago,Illinois,,United States,,,Expertise.com,https://www.expertise.com/business/digital-marketing-agencies/illinois/chicago,2026-06-30,30,No Reliable Contact Method,True,
We did the research for you!,Digital Marketing Agency,,,,,Chicago,Illinois,,United States,,,Expertise.com,https://www.expertise.com/business/digital-marketing-agencies/illinois/chicago,2026-06-30,30,No Reliable Contact Method,True,
Expertise.com Rating,Digital Marketing Agency,,,,,Chicago,Illinois,,United States,,,Expertise.com,https://www.expertise.com/business/digital-marketing-agencies/illinois/chicago,2026-06-30,30,No Reliable Contact Method,True,
"Other Business Professionals in Chicago, IL",Digital Marketing Agency,,,,,Chicago,Illinois,,United States,,,Expertise.com,https://www.expertise.com/business/digital-marketing-agencies/illinois/chicago,2026-06-30,30,No Reliable Contact Method,True,
Service Providers,Digital Marketing Agency,,,,,Chicago,Illinois,,United States,,,Expertise.com,https://www.expertise.com/business/digital-marketing-agencies/illinois/chicago,2026-06-30,30,No Reliable Contact Method,True,
Company,Digital Marketing Agency,,,,,Chicago,Illinois,,United States,,,Expertise.com,https://www.expertise.com/business/digital-marketing-agencies/illinois/chicago,2026-06-30,30,No Reliable Contact Method,True,
"108, Llc",Digital Marketing Agency,,,,231 S LA SALLE ST  2100,Chicago,Il,60604,United States,,,City of Chicago Open Data,https://data.cityofchicago.org/resource/r5kz-chrr.json,2026-06-30,30,No Reliable Contact Method,True,Provide Advertising or Marketing Services
"11 Dollar Bill, Llc",Digital Marketing Agency,,,,401 W SUPERIOR ST  200,Chicago,Il,60654,United States,,,City of Chicago Open Data,https://data.cityofchicago.org/resource/r5kz-chrr.json,2026-06-30,30,No Reliable Contact Method,True,Provide Advertising or Marketing Services
"12 Interactive, Llc",Digital Marketing Agency,,,,216 W OHIO ST 4,Chicago,Il,60654,United States,,,City of Chicago Open Data,https://data.cityofchicago.org/resource/r5kz-chrr.json,2026-06-30,30,No Reliable Contact Method,True,Provide Graphic Design and Consultation Services | Provide Advertising or Marketing Services | Virtual Office | Provide Computer Design/Development Consulting
"270 Strategies, Llc",Digital Marketing Agency,,,,1425 W FLETCHER ST,Chicago,Il,60657,United States,,,City of Chicago Open Data,https://data.cityofchicago.org/resource/r5kz-chrr.json,2026-06-30,30,No Reliable Contact Method,True,Marketing / Advertising / Public Relations (Home Based Business) | Media Consulting (Home Based Business)
2714 Events LLC,Digital Marketing Agency,,,,2714 W NORTH AVE,Chicago,Il,60647,United States,,,City of Chicago Open Data,https://data.cityofchicago.org/resource/r5kz-chrr.json,2026-06-30,30,No Reliable Contact Method,True,Provide Advertising or Marketing Services
"311 West Monroe Location, Llc",Digital Marketing Agency,,,,311 W MONROE ST 5 5,Chicago,Il,60606,United States,,,City of Chicago Open Data,https://data.cityofchicago.org/resource/r5kz-chrr.json,2026-06-30,30,No Reliable Contact Method,True,Operation of an Administrative Commercial Office | Provide Advertising or Marketing Services | Miscellaneous Commercial Services
332 S Michigan Tenant Llc,Digital Marketing Agency,,,,332 S MICHIGAN AVE,Chicago,Il,60604,United States,,,City of Chicago Open Data,https://data.cityofchicago.org/resource/r5kz-chrr.json,2026-06-30,30,No Reliable Contact Method,True,Operation of an Administrative Commercial Office | Provide Business and Management Consulting | Provide Advertising or Marketing Services
360 Training.Com Inc,Digital Marketing Agency,,,,6504  BRIDGE POINT PARKWAY   100,Austin,Tx,78730,United States,,,City of Chicago Open Data,https://data.cityofchicago.org/resource/r5kz-chrr.json,2026-06-30,30,No Reliable Contact Method,True,Provide Advertising or Marketing Services
"4835 Studios, Inc.",Digital Marketing Agency,,,,4835 N ELSTON AVE 1 100,Chicago,Il,60630,United States,,,City of Chicago Open Data,https://data.cityofchicago.org/resource/r5kz-chrr.json,2026-06-30,30,No Reliable Contact Method,True,Provide Business and Management Consulting | Provide Graphic Design and Consultation Services | Provide Advertising or Marketing Services | Provide Computer Design/Development Consulting
"4Management, Inc.",Digital Marketing Agency,,,,2150 S CANALPORT AVE  2A-1,Chicago,Il,60608,United States,,,City of Chicago Open Data,https://data.cityofchicago.org/resource/r5kz-chrr.json,2026-06-30,30,No Reliable Contact Method,True,Provide Graphic Design and Consultation Services | Provide Advertising or Marketing Services
"7HL Flora Merchants, LLC",Digital Marketing Agency,,,,4256 N RAVENSWOOD AVE 1 106,Chicago,Il,60613,United States,,,City of Chicago Open Data,https://data.cityofchicago.org/resource/r5kz-chrr.json,2026-06-30,30,No Reliable Contact Method,True,Provide Business and Management Consulting | Provide Graphic Design and Consultation Services | Provide Advertising or Marketing Services
"84.51, Llc.",Digital Marketing Agency,,,,433 W VAN BUREN ST 6 6105,Chicago,Il,60607,United States,,,City of Chicago Open Data,https://data.cityofchicago.org/resource/r5kz-chrr.json,2026-06-30,30,No Reliable Contact Method,True,Provide Advertising or Marketing Services | Provide Computer Design/Development Consulting
"88 Brand Partners, Inc.",Digital Marketing Agency,,,,542 S DEARBORN ST 13 1300,Chicago,Il,60605,United States,,,City of Chicago Open Data,https://data.cityofchicago.org/resource/r5kz-chrr.json,2026-06-30,30,No Reliable Contact Method,True,Provide Advertising or Marketing Services
8looocky Corp,Digital Marketing Agency,,,,3925 W MONTROSE AVE 1 ST.,Chicago,Il,60618,United States,,,City of Chicago Open Data,https://data.cityofchicago.org/resource/r5kz-chrr.json,2026-06-30,30,No Reliable Contact Method,True,Provide Business and Management Consulting | Provide Graphic Design and Consultation Services | Provide Advertising or Marketing Services | Provide Publishing Services | Retail Sales of General Merchandise and Non-Perishable Food | Provide Computer Design/Development Consulting
8Tiv Labs Corporation,Digital Marketing Agency,,,,1727 S INDIANA AVE 1ST G5,Chicago,Il,60616,United States,,,City of Chicago Open Data,https://data.cityofchicago.org/resource/r5kz-chrr.json,2026-06-30,30,No Reliable Contact Method,True,Operation of an Administrative Commercial Office | Provide Graphic Design and Consultation Services | Provide Advertising or Marketing Services | Provide Computer Design/Development Consulting
A5 Corporation,Digital Marketing Agency,,,,55 E ERIE ST 21 2106,Chicago,Il,60611,United States,,,City of Chicago Open Data,https://data.cityofchicago.org/resource/r5kz-chrr.json,2026-06-30,30,No Reliable Contact Method,True,Marketing / Advertising / Public Relations (Home Based Business) | Media Consulting (Home Based Business) | Phone Sales (Home Based Business)
"Abe Gt & Associates, Inc.",Digital Marketing Agency,,,,7823 S WESTERN AVE,Chicago,Il,60620,United States,,,City of Chicago Open Data,https://data.cityofchicago.org/resource/r5kz-chrr.json,2026-06-30,30,No Reliable Contact Method,True,Provide Advertising or Marketing Services | Miscellaneous Commercial Services
"Abelson-Taylor, Inc.",Digital Marketing Agency,,,,433 W VAN BUREN ST 6N 650N,Chicago,Il,60607,United States,,,City of Chicago Open Data,https://data.cityofchicago.org/resource/r5kz-chrr.json,2026-06-30,30,No Reliable Contact Method,True,Provide Advertising or Marketing Services
Abira Security Corporation,Digital Marketing Agency,,,,941  PLEASANT LN,Glenview,Il,60025,United States,,,City of Chicago Open Data,https://data.cityofchicago.org/resource/r5kz-chrr.json,2026-06-30,30,No Reliable Contact Method,True,Provide Advertising or Marketing Services
"Ab Production Ii, Llc",Digital Marketing Agency,,,,6928 S EBERHART AVE 1,Chicago,Il,60637,United States,,,City of Chicago Open Data,https://data.cityofchicago.org/resource/r5kz-chrr.json,2026-06-30,30,No Reliable Contact Method,True,Marketing / Advertising / Public Relations (Home Based Business)
"Accent Marketing, Inc.",Digital Marketing Agency,,,,2659 N WAYNE AVE  D,Chicago,Il,60614,United States,,,City of Chicago Open Data,https://data.cityofchicago.org/resource/r5kz-chrr.json,2026-06-30,30,No Reliable Contact Method,True,"Graphic Design (Home Based Business) | Marketing / Advertising / Public Relations (Home Based Business) | Photographer, Portrait Artist, Videographer (Home Based Business)"
"Action Marketing Group, Inc.",Digital Marketing Agency,,,,1447 N CLEVELAND AVE GROUND F,Chicago,Il,60610,United States,,,City of Chicago Open Data,https://data.cityofchicago.org/resource/r5kz-chrr.json,2026-06-30,30,No Reliable Contact Method,True,Marketing / Advertising / Public Relations (Home Based Business)
"ActiveCampaign, LLC",Digital Marketing Agency,,,,1 N DEARBORN ST FIFTH,Chicago,Il,60602,United States,,,City of Chicago Open Data,https://data.cityofchicago.org/resource/r5kz-chrr.json,2026-06-30,30,No Reliable Contact Method,True,Provide Business and Management Consulting | Provide Advertising or Marketing Services | Provide Computer Design/Development Consulting
"Acts-Aviation Security, Inc.",Digital Marketing Agency,,,,2700 S RIVER RD 2 211,Des Plaines,Il,60018,United States,,,City of Chicago Open Data,https://data.cityofchicago.org/resource/r5kz-chrr.json,2026-06-30,30,No Reliable Contact Method,True,Provide Advertising or Marketing Services
"Adpt Productions, Llc",Digital Marketing Agency,,,,1917 N ELSTON AVE 1ST,Chicago,Il,60642,United States,,,City of Chicago Open Data,https://data.cityofchicago.org/resource/r5kz-chrr.json,2026-06-30,30,No Reliable Contact Method,True,Provide Advertising or Marketing Services
"A. Eicoff & Company, Inc.",Digital Marketing Agency,,,,333 N GREEN ST,Chicago,Il,60607,United States,,,City of Chicago Open Data,https://data.cityofchicago.org/resource/r5kz-chrr.json,2026-06-30,30,No Reliable Contact Method,True,Provide Advertising or Marketing Services
"Agg Consulting, Inc",Digital Marketing Agency,,,,2417 W LUNT AVE 2ND 2W,Chicago,Il,60645,United States,,,City of Chicago Open Data,https://data.cityofchicago.org/resource/r5kz-chrr.json,2026-06-30,30,No Reliable Contact Method,True,Marketing / Advertising / Public Relations (Home Based Business) | Professional Consulting (Home Based Business)
"Agora, Inc",Digital Marketing Agency,,,,3920 N LAKE SHORE DR 6 6-S,Chicago,Il,60613,United States,,,City of Chicago Open Data,https://data.cityofchicago.org/resource/r5kz-chrr.json,2026-06-30,30,No Reliable Contact Method,True,Marketing / Advertising / Public Relations (Home Based Business) | Other Home Based Businesses
Akamai Virtual Solutions Inc,Digital Marketing Agency,,,,2530 W MORSE AVE,Chicago,Il,60645,United States,,,City of Chicago Open Data,https://data.cityofchicago.org/resource/r5kz-chrr.json,2026-06-30,30,No Reliable Contact Method,True,Graphic Design (Home Based Business) | Marketing / Advertising / Public Relations (Home Based Business) | Professional Consulting (Home Based Business) | Other Home Based Businesses | Telephone Answering Service (Home Based Business)
Aka Media Inc.,Digital Marketing Agency,,,,171 N ABERDEEN ST 5 500,Chicago,Il,60607,United States,,,City of Chicago Open Data,https://data.cityofchicago.org/resource/r5kz-chrr.json,2026-06-30,30,No Reliable Contact Method,True,Provide Advertising or Marketing Services
A La Carte Media Consulting Llc,Digital Marketing Agency,,,,3220 W MCLEAN AVE 1FL,Chicago,Il,60647,United States,,,City of Chicago Open Data,https://data.cityofchicago.org/resource/r5kz-chrr.json,2026-06-30,30,No Reliable Contact Method,True,Marketing / Advertising / Public Relations (Home Based Business) | Media Consulting (Home Based Business)
Alan Joseph Productions Llc,Digital Marketing Agency,,,,5320 N SHERIDAN RD  2509,Chicago,Il,60640,United States,,,City of Chicago Open Data,https://data.cityofchicago.org/resource/r5kz-chrr.json,2026-06-30,30,No Reliable Contact Method,True,"Computer Consulting Services / Computer Automated Design (Home Based Business) | Graphic Design (Home Based Business) | Marketing / Advertising / Public Relations (Home Based Business) | Other Home Based Businesses | Photographer, Portrait Artist, Videographer (Home Based Business)"
Alario Media Llc.,Digital Marketing Agency,,,,831 S LAFLIN ST,Chicago,Il,60607,United States,,,City of Chicago Open Data,https://data.cityofchicago.org/resource/r5kz-chrr.json,2026-06-30,30,No Reliable Contact Method,True,Marketing / Advertising / Public Relations (Home Based Business) | Media Consulting (Home Based Business)
Alchemy Chicago LLC,Digital Marketing Agency,,,,3437 N KEDVALE AVE 1,Chicago,Il,60641,United States,,,City of Chicago Open Data,https://data.cityofchicago.org/resource/r5kz-chrr.json,2026-06-30,30,No Reliable Contact Method,True,Provide Advertising or Marketing Services
Alchemy Shout Llc,Digital Marketing Agency,,,,3437 N KEDVALE AVE 1,Chicago,Il,60641,United States,,,City of Chicago Open Data,https://data.cityofchicago.org/resource/r5kz-chrr.json,2026-06-30,30,No Reliable Contact Method,True,Provide Advertising or Marketing Services
All Campus Llc,Digital Marketing Agency,,,,30 S WACKER DR 16 1650,Chicago,Il,60606,United States,,,City of Chicago Open Data,https://data.cityofchicago.org/resource/r5kz-chrr.json,2026-06-30,30,No Reliable Contact Method,True,Provide Advertising or Marketing Services
Alliantgroup Lp,Digital Marketing Agency,,,,311 S WACKER DR 23 2380,Chicago,Il,60606,United States,,,City of Chicago Open Data,https://data.cityofchicago.org/resource/r5kz-chrr.json,2026-06-30,30,No Reliable Contact Method,True,Provide Advertising or Marketing Services
Allied Advertising Limited Partnership,Digital Marketing Agency,,,,500 N MICHIGAN AVE  700,Chicago,Il,60611,United States,,,City of Chicago Open Data,https://data.cityofchicago.org/resource/r5kz-chrr.json,2026-06-30,30,No Reliable Contact Method,True,Provide Advertising or Marketing Services
"Alligator Records & Artist Management, Inc.",Digital Marketing Agency,,,,1441 W DEVON AVE 1-3,Chicago,Il,60660,United States,,,City of Chicago Open Data,https://data.cityofchicago.org/resource/r5kz-chrr.json,2026-06-30,30,No Reliable Contact Method,True,Provide Advertising or Marketing Services
Allsteel Inc.,Digital Marketing Agency,,,,345 N MORGAN ST 3RD,Chicago,Il,60607,United States,,,City of Chicago Open Data,https://data.cityofchicago.org/resource/r5kz-chrr.json,2026-06-30,30,No Reliable Contact Method,True,Provide Advertising or Marketing Services
"Aman It Consulting, Inc.",Digital Marketing Agency,,,,3052 W DEVON AVE 1ST,Chicago,Il,60659,United States,,,City of Chicago Open Data,https://data.cityofchicago.org/resource/r5kz-chrr.json,2026-06-30,30,No Reliable Contact Method,True,Operation of an Administrative Commercial Office | Provide Advertising or Marketing Services | Web / Software Development
American Marketing Association,Digital Marketing Agency,,,,130 E RANDOLPH ST 22,Chicago,Il,60601,United States,,,City of Chicago Open Data,https://data.cityofchicago.org/resource/r5kz-chrr.json,2026-06-30,30,No Reliable Contact Method,True,Operation of an Administrative Commercial Office | Provide Advertising or Marketing Services
"American Marketing Services,",Digital Marketing Agency,,,,527 S WELLS ST  400,Chicago,Il,60607,United States,,,City of Chicago Open Data,https://data.cityofchicago.org/resource/r5kz-chrr.json,2026-06-30,30,No Reliable Contact Method,True,Provide Advertising or Marketing Services
American Mass Media Corporation,Digital Marketing Agency,,,,400 E RANDOLPH ST 2ND 2A,Chicago,Il,60601,United States,,,City of Chicago Open Data,https://data.cityofchicago.org/resource/r5kz-chrr.json,2026-06-30,30,No Reliable Contact Method,True,Provide Advertising or Marketing Services
Amy Falk,Digital Marketing Agency,,,,1872 N CLYBOURN AVE,Chicago,Il,60614,United States,,,City of Chicago Open Data,https://data.cityofchicago.org/resource/r5kz-chrr.json,2026-06-30,30,No Reliable Contact Method,True,Marketing / Advertising / Public Relations (Home Based Business)
"Andrea Harney Marketing & Photography, LLC",Digital Marketing Agency,,,,4832 N CLAREMONT AVE,Chicago,Il,60625,United States,,,City of Chicago Open Data,https://data.cityofchicago.org/resource/r5kz-chrr.json,2026-06-30,30,No Reliable Contact Method,True,"Marketing / Advertising / Public Relations (Home Based Business) | Photographer, Portrait Artist, Videographer (Home Based Business)"
Angelflight Marketing Service Inc.,Digital Marketing Agency,,,,329 W 18TH ST 6 605,Chicago,Il,60616,United States,,,City of Chicago Open Data,https://data.cityofchicago.org/resource/r5kz-chrr.json,2026-06-30,30,No Reliable Contact Method,True,Provide Business and Management Consulting | Provide Graphic Design and Consultation Services | Provide Advertising or Marketing Services
Angelica Garcilazo,Digital Marketing Agency,,,,4326 S PULASKI RD,Chicago,Il,60632,United States,,,City of Chicago Open Data,https://data.cityofchicago.org/resource/r5kz-chrr.json,2026-06-30,30,No Reliable Contact Method,True,Provide Advertising or Marketing Services | Operation of a Financial Services Commercial Office
Angstrom LLC,Digital Marketing Agency,,,,4455 S DR MARTIN LUTHER KING JR DR  101B,Chicago,Il,60653,United States,,,City of Chicago Open Data,https://data.cityofchicago.org/resource/r5kz-chrr.json,2026-06-30,30,No Reliable Contact Method,True,Provide Business and Management Consulting | Provide Advertising or Marketing Services | Miscellaneous Commercial Services | Residential Construction / Minor Home Repair Services
Anylogic North America Llc,Digital Marketing Agency,,,,20 N WACKER DR 20TH 2044,Chicago,Il,60606,United States,,,City of Chicago Open Data,https://data.cityofchicago.org/resource/r5kz-chrr.json,2026-06-30,30,No Reliable Contact Method,True,Provide Advertising or Marketing Services | Provide Computer Design/Development Consulting
"Apcero, Inc.",Digital Marketing Agency,,,,211 W WACKER DR  300 PMB,Chicago,Il,60606,United States,,,City of Chicago Open Data,https://data.cityofchicago.org/resource/r5kz-chrr.json,2026-06-30,30,No Reliable Contact Method,True,Provide Graphic Design and Consultation Services | Provide Advertising or Marketing Services | Provide Computer Design/Development Consulting
"Apcero, Llc",Digital Marketing Agency,,,,220 N GREEN ST 4TH 4026,Chicago,Il,60607,United States,,,City of Chicago Open Data,https://data.cityofchicago.org/resource/r5kz-chrr.json,2026-06-30,30,No Reliable Contact Method,True,Provide Advertising or Marketing Services
"Appleone, Inc.",Digital Marketing Agency,,,,1701 E WOODFIELD RD  1115,Schaumburg,Il,60173,United States,,,City of Chicago Open Data,https://data.cityofchicago.org/resource/r5kz-chrr.json,2026-06-30,30,No Reliable Contact Method,True,Provide Advertising or Marketing Services
Aprimo Us Llc,Digital Marketing Agency,,,,230 W MONROE ST 12 1200,Chicago,Il,60606,United States,,,City of Chicago Open Data,https://data.cityofchicago.org/resource/r5kz-chrr.json,2026-06-30,30,No Reliable Contact Method,True,Provide Advertising or Marketing Services
"Apsiva, Inc.",Digital Marketing Agency,,,,5351 W LAWRENCE AVE 1,Chicago,Il,60630,United States,,,City of Chicago Open Data,https://data.cityofchicago.org/resource/r5kz-chrr.json,2026-06-30,30,No Reliable Contact Method,True,Provide Advertising or Marketing Services | Provide Computer Design/Development Consulting
"Armanino Solutions, Llc",Digital Marketing Agency,,,,12657  ALCOSTA BLVD  500,San Ramon,Ca,94583,United States,,,City of Chicago Open Data,https://data.cityofchicago.org/resource/r5kz-chrr.json,2026-06-30,30,No Reliable Contact Method,True,Provide Advertising or Marketing Services
Ashcraft Research Inc,Digital Marketing Agency,,,,333 N MICHIGAN AVE 6TH 601,Chicago,Il,60601,United States,,,City of Chicago Open Data,https://data.cityofchicago.org/resource/r5kz-chrr.json,2026-06-30,30,No Reliable Contact Method,True,Provide Advertising or Marketing Services
"A Toda Musica Tv, Inc.",Digital Marketing Agency,,,,2323 N KOSTNER AVE 1,Chicago,Il,60639,United States,,,City of Chicago Open Data,https://data.cityofchicago.org/resource/r5kz-chrr.json,2026-06-30,30,No Reliable Contact Method,True,Marketing / Advertising / Public Relations (Home Based Business)
"Attar Media Partners, Llc",Digital Marketing Agency,,,,1777 W ALTGELD ST GROUNDLEVEL B,Chicago,Il,60614,United States,,,City of Chicago Open Data,https://data.cityofchicago.org/resource/r5kz-chrr.json,2026-06-30,30,No Reliable Contact Method,True,Marketing / Advertising / Public Relations (Home Based Business)
Avnacks Corporation,Digital Marketing Agency,,,,875 N MICHIGAN AVE 31 3100,Chicago,Il,60611,United States,,,City of Chicago Open Data,https://data.cityofchicago.org/resource/r5kz-chrr.json,2026-06-30,30,No Reliable Contact Method,True,Operation of an Administrative Commercial Office | Provide Business and Management Consulting | Provide Advertising or Marketing Services | Provide Computer Design/Development Consulting | Enagage in Multi-Media Services
Babito's Bites LLC,Digital Marketing Agency,,,,1728 W ESTES AVE 3 E,Chicago,Il,60626,United States,,,City of Chicago Open Data,https://data.cityofchicago.org/resource/r5kz-chrr.json,2026-06-30,30,No Reliable Contact Method,True,Accounting / Tax Preparation (Home Based Business) | Marketing / Advertising / Public Relations (Home Based Business) | Professional Consulting (Home Based Business)
Baf Consulting Services Llc,Digital Marketing Agency,,,,10401 S CHURCH ST,Chicago,Il,60643,United States,,,City of Chicago Open Data,https://data.cityofchicago.org/resource/r5kz-chrr.json,2026-06-30,30,No Reliable Contact Method,True,Marketing / Advertising / Public Relations (Home Based Business) | Professional Consulting (Home Based Business)
"BAF Packaging, LLC",Digital Marketing Agency,,,,9331 S BURNSIDE AVE 1ST,Chicago,Il,60619,United States,,,City of Chicago Open Data,https://data.cityofchicago.org/resource/r5kz-chrr.json,2026-06-30,30,No Reliable Contact Method,True,Marketing / Advertising / Public Relations (Home Based Business) | Professional Consulting (Home Based Business)
Bantu Entertainment,Digital Marketing Agency,,,,6146 S VERNON AVE 3,Chicago,Il,60637,United States,,,City of Chicago Open Data,https://data.cityofchicago.org/resource/r5kz-chrr.json,2026-06-30,30,No Reliable Contact Method,True,Marketing / Advertising / Public Relations (Home Based Business)
"Barking Balconies, Llc",Digital Marketing Agency,,,,53 W JACKSON BLVD 9TH 950,Chicago,Il,60604,United States,,,City of Chicago Open Data,https://data.cityofchicago.org/resource/r5kz-chrr.json,2026-06-30,30,No Reliable Contact Method,True,Operation of an Administrative Commercial Office | Provide Advertising or Marketing Services
"Bbk Enterprises, Llc",Digital Marketing Agency,,,,1200 N ASHLAND AVE  203,Chicago,Il,60622,United States,,,City of Chicago Open Data,https://data.cityofchicago.org/resource/r5kz-chrr.json,2026-06-30,30,No Reliable Contact Method,True,Provide Advertising or Marketing Services
BDavis Designs LLC,Digital Marketing Agency,,,,8349 S THROOP ST 1ST FLOOR,Chicago,Il,60620,United States,,,City of Chicago Open Data,https://data.cityofchicago.org/resource/r5kz-chrr.json,2026-06-30,30,No Reliable Contact Method,True,Graphic Design (Home Based Business) | Marketing / Advertising / Public Relations (Home Based Business)
Belen Cantiller,Digital Marketing Agency,,,,100 E WALTON ST 34TH 34H,Chicago,Il,60611,United States,,,City of Chicago Open Data,https://data.cityofchicago.org/resource/r5kz-chrr.json,2026-06-30,30,No Reliable Contact Method,True,Marketing / Advertising / Public Relations (Home Based Business)
"Best Bar Crawls, Llc",Digital Marketing Agency,,,,401 N MICHIGAN AVE  1200,Chicago,Il,60611,United States,,,City of Chicago Open Data,https://data.cityofchicago.org/resource/r5kz-chrr.json,2026-06-30,30,No Reliable Contact Method,True,Provide Advertising or Marketing Services
"Best Boat Cruises, Llc",Digital Marketing Agency,,,,401 N MICHIGAN AVE  1200,Chicago,Il,60611,United States,,,City of Chicago Open Data,https://data.cityofchicago.org/resource/r5kz-chrr.json,2026-06-30,30,No Reliable Contact Method,True,Provide Advertising or Marketing Services
"Best Events, Llc",Digital Marketing Agency,,,,401 N MICHIGAN AVE  1200,Chicago,Il,60611,United States,,,City of Chicago Open Data,https://data.cityofchicago.org/resource/r5kz-chrr.json,2026-06-30,30,No Reliable Contact Method,True,Provide Advertising or Marketing Services
"Best Events Management, Llc",Digital Marketing Agency,,,,401 N MICHIGAN AVE  1200,Chicago,Il,60611,United States,,,City of Chicago Open Data,https://data.cityofchicago.org/resource/r5kz-chrr.json,2026-06-30,30,No Reliable Contact Method,True,Provide Business and Management Consulting | Provide Advertising or Marketing Services
"Be Strategic PR, Inc.",Digital Marketing Agency,,,,607 E 41ST ST 2ND FL,Chicago,Il,60653,United States,,,City of Chicago Open Data,https://data.cityofchicago.org/resource/r5kz-chrr.json,2026-06-30,30,No Reliable Contact Method,True,Marketing / Advertising / Public Relations (Home Based Business)
Compare our Top Digital Marketing Agencies,Digital Marketing Agency,,,,,Chicago,Illinois,,United States,,,Expertise.com,https://www.expertise.com/business/digital-marketing-agencies/illinois/chicago,2026-06-30,20,No Reliable Contact Method,False,
Other Illinois Digital Marketing Agencies,Digital Marketing Agency,,,,,Chicago,Illinois,,United States,,,Expertise.com,https://www.expertise.com/business/digital-marketing-agencies/illinois/chicago,2026-06-30,20,No Reliable Contact Method,False,
Compare our Top Social Media Marketing Agencies,Digital Marketing Agency,,,,,Chicago,Illinois,,United States,,,Expertise.com,https://www.expertise.com/business/social-media-marketing/illinois/chicago,2026-06-30,20,No Reliable Contact Method,False,
Other Illinois Social Media Marketing Agencies,Digital Marketing Agency,,,,,Chicago,Illinois,,United States,,,Expertise.com,https://www.expertise.com/business/social-media-marketing/illinois/chicago,2026-06-30,20,No Reliable Contact Method,False,
Related Articles,Digital Marketing Agency,,,,,Chicago,Illinois,,United States,,,Expertise.com,https://www.expertise.com/business/social-media-marketing/illinois/chicago,2026-06-30,20,No Reliable Contact Method,False,
From Gavel to Hashtag: Mastering Twitter for Law Firms,Digital Marketing Agency,,,,,Chicago,Illinois,,United States,,,Expertise.com,https://www.expertise.com/business/social-media-marketing/illinois/chicago,2026-06-30,20,No Reliable Contact Method,False,
IG Post Ideas for Law Firms: Reaching New Clients in a Visual Landscape,Digital Marketing Agency,,,,,Chicago,Illinois,,United States,,,Expertise.com,https://www.expertise.com/business/social-media-marketing/illinois/chicago,2026-06-30,20,No Reliable Contact Method,False,
Winning at #LawTok: How Lawyers Can Use TikTok for Lead Generation,Digital Marketing Agency,,,,,Chicago,Illinois,,United States,,,Expertise.com,https://www.expertise.com/business/social-media-marketing/illinois/chicago,2026-06-30,20,No Reliable Contact Method,False,
Expertise.com Concierge Service,Digital Marketing Agency,,,,,Chicago,Illinois,,United States,,,Expertise.com,https://www.expertise.com/business/marketing-consultants/illinois/chicago,2026-06-30,20,No Reliable Contact Method,False,
Compare our Top Marketing Consultants,Digital Marketing Agency,,,,,Chicago,Illinois,,United States,,,Expertise.com,https://www.expertise.com/business/marketing-consultants/illinois/chicago,2026-06-30,20,No Reliable Contact Method,False,
11 Design Studio Llc,Digital Marketing Agency,,,,6230 N KENMORE AVE  503,Chicago,Il,60660,United States,,,City of Chicago Open Data,https://data.cityofchicago.org/resource/r5kz-chrr.json,2026-06-30,20,No Reliable Contact Method,False,Graphic Design (Home Based Business) | Marketing / Advertising / Public Relations (Home Based Business) | Online Sales (Home Based Business) | Other Home Based Businesses
1714 North Damen Avenue Limited Partnership,Digital Marketing Agency,,,,1720 N DAMEN AVE 1ST,Chicago,Il,60647,United States,,,City of Chicago Open Data,https://data.cityofchicago.org/resource/r5kz-chrr.json,2026-06-30,20,No Reliable Contact Method,False,Provide Advertising or Marketing Services | Miscellaneous Commercial Services
27mins.tv LLC,Digital Marketing Agency,,,,4444 W HADDON AVE 1ST FLOOR 102,Chicago,Il,60651,United States,,,City of Chicago Open Data,https://data.cityofchicago.org/resource/r5kz-chrr.json,2026-06-30,20,No Reliable Contact Method,False,Provide Graphic Design and Consultation Services | Provide Advertising or Marketing Services | Miscellaneous Commercial Services
2C Digital Leads Llc,Digital Marketing Agency,,,,2136 W SCHILLER ST  1R,Chicago,Il,60622,United States,,,City of Chicago Open Data,https://data.cityofchicago.org/resource/r5kz-chrr.json,2026-06-30,20,No Reliable Contact Method,False,Marketing / Advertising / Public Relations (Home Based Business)
"333 N. Green Street Location Ii, Llc",Digital Marketing Agency,,,,333 N GREEN ST 6-8,Chicago,Il,60607,United States,,,City of Chicago Open Data,https://data.cityofchicago.org/resource/r5kz-chrr.json,2026-06-30,20,No Reliable Contact Method,False,Operation of an Administrative Commercial Office | Provide Advertising or Marketing Services | Miscellaneous Commercial Services
33 Enterprises LLC,Digital Marketing Agency,,,,1816 W DIVISION ST 2 2N,Chicago,Il,60622,United States,,,City of Chicago Open Data,https://data.cityofchicago.org/resource/r5kz-chrr.json,2026-06-30,20,No Reliable Contact Method,False,Marketing / Advertising / Public Relations (Home Based Business) | Online Sales (Home Based Business)
"3Q Digital, Inc.",Digital Marketing Agency,,,,1 N LA SALLE ST 28TH 2800,Chicago,Il,60602,United States,,,City of Chicago Open Data,https://data.cityofchicago.org/resource/r5kz-chrr.json,2026-06-30,20,No Reliable Contact Method,False,Operation of an Administrative Commercial Office | Provide Advertising or Marketing Services
444 Construction LLC,Digital Marketing Agency,,,,10200 S HOYNE AVE 2,Chicago,Il,60643,United States,,,City of Chicago Open Data,https://data.cityofchicago.org/resource/r5kz-chrr.json,2026-06-30,20,No Reliable Contact Method,False,Home Repair Services (Home Based Business) | Marketing / Advertising / Public Relations (Home Based Business) | Residential Remodeling and Repair (Home Based Business)
"6C Agency, Llc",Digital Marketing Agency,,,,1927 N MILWAUKEE AVE  504,Chicago,Il,60647,United States,,,City of Chicago Open Data,https://data.cityofchicago.org/resource/r5kz-chrr.json,2026-06-30,20,No Reliable Contact Method,False,Marketing / Advertising / Public Relations (Home Based Business)
"8 Days A Week, Inc.",Digital Marketing Agency,,,,1550 N DAMEN AVE  201,Chicago,Il,60622,United States,,,City of Chicago Open Data,https://data.cityofchicago.org/resource/r5kz-chrr.json,2026-06-30,20,No Reliable Contact Method,False,Provide Advertising or Marketing Services
Aaron Youngren,Digital Marketing Agency,,,,4510 W BELMONT AVE,Chicago,Il,60641,United States,,,City of Chicago Open Data,https://data.cityofchicago.org/resource/r5kz-chrr.json,2026-06-30,20,No Reliable Contact Method,False,Graphic Design (Home Based Business) | Marketing / Advertising / Public Relations (Home Based Business)
About Face Theatre Collective,Digital Marketing Agency,,,,1222 W WILSON AVE  2,Chicago,Il,60640,United States,,,City of Chicago Open Data,https://data.cityofchicago.org/resource/r5kz-chrr.json,2026-06-30,20,No Reliable Contact Method,False,Operation of an Administrative Commercial Office | Provide Advertising or Marketing Services | Not-For-Profit Selling Raffles for Prizes of $50 or More
"Abt SRBI, Inc.",Digital Marketing Agency,,,,640 N LA SALLE DR 6 640,Chicago,Il,60654,United States,,,City of Chicago Open Data,https://data.cityofchicago.org/resource/r5kz-chrr.json,2026-06-30,20,No Reliable Contact Method,False,Provide Advertising or Marketing Services
Acb Global Llc,Digital Marketing Agency,,,,7443  WASHINGTON ST 503,Forest Park,Il,60130,United States,,,City of Chicago Open Data,https://data.cityofchicago.org/resource/r5kz-chrr.json,2026-06-30,20,No Reliable Contact Method,False,Provide Advertising or Marketing Services
Accelerate Advisors Llc,Digital Marketing Agency,,,,1312 S PLYMOUTH CT 2ND,Chicago,Il,60605,United States,,,City of Chicago Open Data,https://data.cityofchicago.org/resource/r5kz-chrr.json,2026-06-30,20,No Reliable Contact Method,False,Marketing / Advertising / Public Relations (Home Based Business)
Accentuated Behavioral Concepts And Integrated Solutions (Abc Is) Llc,Digital Marketing Agency,,,,3353 W WILSON AVE 3 3R,Chicago,Il,60625,United States,,,City of Chicago Open Data,https://data.cityofchicago.org/resource/r5kz-chrr.json,2026-06-30,20,No Reliable Contact Method,False,Provide Home Health Care Services (Home Based Business) | Marketing / Advertising / Public Relations (Home Based Business) | Medical Billing (Home Based Business) | Professional Consulting (Home Based Business) | Other Home Based Businesses
Accion Hispano Llc,Digital Marketing Agency,,,,4123 W 26TH ST,Chicago,Il,60623,United States,,,City of Chicago Open Data,https://data.cityofchicago.org/resource/r5kz-chrr.json,2026-06-30,20,No Reliable Contact Method,False,Operation of an Administrative Commercial Office | Provide Advertising or Marketing Services
Ac Social Management Llc,Digital Marketing Agency,,,,1946 N WILMOT AVE 3RD 3,Chicago,Il,60647,United States,,,City of Chicago Open Data,https://data.cityofchicago.org/resource/r5kz-chrr.json,2026-06-30,20,No Reliable Contact Method,False,Marketing / Advertising / Public Relations (Home Based Business)
Adg Foods Llc,Digital Marketing Agency,,,,855 N SKOKIE HWY  D,Lake Bluff,Il,60044,United States,,,City of Chicago Open Data,https://data.cityofchicago.org/resource/r5kz-chrr.json,2026-06-30,20,No Reliable Contact Method,False,Provide Advertising or Marketing Services
Adrian Mihai Tarjoianu,Digital Marketing Agency,,,,4920 N MARINE DR 5TH S507,Chicago,Il,60640,United States,,,City of Chicago Open Data,https://data.cityofchicago.org/resource/r5kz-chrr.json,2026-06-30,20,No Reliable Contact Method,False,Marketing / Advertising / Public Relations (Home Based Business)
"AdRoll, Inc.",Digital Marketing Agency,,,,100 S STATE ST,Chicago,Il,60603,United States,,,City of Chicago Open Data,https://data.cityofchicago.org/resource/r5kz-chrr.json,2026-06-30,20,No Reliable Contact Method,False,Provide Advertising or Marketing Services
Adssio Corporation,Digital Marketing Agency,,,,5415 S MILLARD AVE 1ST REAR,Chicago,Il,60632,United States,,,City of Chicago Open Data,https://data.cityofchicago.org/resource/r5kz-chrr.json,2026-06-30,20,No Reliable Contact Method,False,Marketing / Advertising / Public Relations (Home Based Business)
"Adtraction Media, Llc",Digital Marketing Agency,,,,321 N CLARK ST 25 2500,Chicago,Il,60654,United States,,,City of Chicago Open Data,https://data.cityofchicago.org/resource/r5kz-chrr.json,2026-06-30,20,No Reliable Contact Method,False,Operation of an Administrative Commercial Office | Provide Advertising or Marketing Services
Advantage Sales & Marketing Llc,Digital Marketing Agency,,,,452 N SANGAMON ST,Chicago,Il,60642,United States,,,City of Chicago Open Data,https://data.cityofchicago.org/resource/r5kz-chrr.json,2026-06-30,20,No Reliable Contact Method,False,Provide Advertising or Marketing Services
"After The Whistle, Llc",Digital Marketing Agency,,,,414 N ORLEANS ST 4TH 403,Chicago,Il,60654,United States,,,City of Chicago Open Data,https://data.cityofchicago.org/resource/r5kz-chrr.json,2026-06-30,20,No Reliable Contact Method,False,Provide Advertising or Marketing Services
AG Fire Safety LLC,Digital Marketing Agency,,,,4309 W ROSCOE ST  1,Chicago,Il,60641,United States,,,City of Chicago Open Data,https://data.cityofchicago.org/resource/r5kz-chrr.json,2026-06-30,20,No Reliable Contact Method,False,Marketing / Advertising / Public Relations (Home Based Business)
Aim Strategies Llc,Digital Marketing Agency,,,,1212 N ASHLAND AVE 1 1007,Chicago,Il,60622,United States,,,City of Chicago Open Data,https://data.cityofchicago.org/resource/r5kz-chrr.json,2026-06-30,20,No Reliable Contact Method,False,Provide Advertising or Marketing Services
"A.J. Wright And Associates, Ltd.",Digital Marketing Agency,,,,5211 S WABASH AVE,Chicago,Il,60615,United States,,,City of Chicago Open Data,https://data.cityofchicago.org/resource/r5kz-chrr.json,2026-06-30,20,No Reliable Contact Method,False,Marketing / Advertising / Public Relations (Home Based Business)
Alan Robinson,Digital Marketing Agency,,,,757 N ORLEANS ST 7TH 708,Chicago,Il,60654,United States,,,City of Chicago Open Data,https://data.cityofchicago.org/resource/r5kz-chrr.json,2026-06-30,20,No Reliable Contact Method,False,Marketing / Advertising / Public Relations (Home Based Business)
Alexandra Stayer,Digital Marketing Agency,,,,200 E CHESTNUT ST 7 723,Chicago,Il,60611,United States,,,City of Chicago Open Data,https://data.cityofchicago.org/resource/r5kz-chrr.json,2026-06-30,20,No Reliable Contact Method,False,Marketing / Advertising / Public Relations (Home Based Business) | Event Planning Services / Wedding Planner (Home Based Business)
Allison Murray,Digital Marketing Agency,,,,4836 N PAULINA ST  1,Chicago,Il,60640,United States,,,City of Chicago Open Data,https://data.cityofchicago.org/resource/r5kz-chrr.json,2026-06-30,20,No Reliable Contact Method,False,Marketing / Advertising / Public Relations (Home Based Business)
All Points Public Relations LLC,Digital Marketing Agency,,,,400 W ERIE ST  201,Chicago,Il,60654,United States,,,City of Chicago Open Data,https://data.cityofchicago.org/resource/r5kz-chrr.json,2026-06-30,20,No Reliable Contact Method,False,Provide Advertising or Marketing Services
"Alpha245, Inc.",Digital Marketing Agency,,,,222 W MERCHANDISE MART PLZ 5TH 550,Chicago,Il,60654,United States,,,City of Chicago Open Data,https://data.cityofchicago.org/resource/r5kz-chrr.json,2026-06-30,20,No Reliable Contact Method,False,Provide Advertising or Marketing Services
America Business College Inc.,Digital Marketing Agency,,,,4100 S ASHLAND AVE 1ST 1010,Chicago,Il,60609,United States,,,City of Chicago Open Data,https://data.cityofchicago.org/resource/r5kz-chrr.json,2026-06-30,20,No Reliable Contact Method,False,Provide Advertising or Marketing Services
American Association Of Individual Investors,Digital Marketing Agency,,,,625 N MICHIGAN AVE  1720,Chicago,Il,60611,United States,,,City of Chicago Open Data,https://data.cityofchicago.org/resource/r5kz-chrr.json,2026-06-30,20,No Reliable Contact Method,False,Provide Financial and Accounting Services | Provide Advertising or Marketing Services | Provide Publishing Services
American Chamber Of Commerce Resources Llc,Digital Marketing Agency,,,,1033 S CLAREMONT AVE,Chicago,Il,60612,United States,,,City of Chicago Open Data,https://data.cityofchicago.org/resource/r5kz-chrr.json,2026-06-30,20,No Reliable Contact Method,False,Marketing / Advertising / Public Relations (Home Based Business) | Other Home Based Businesses
"Ami Celebrity Publications, Llc",Digital Marketing Agency,,,,500 N MICHIGAN AVE  600,Chicago,Il,60611,United States,,,City of Chicago Open Data,https://data.cityofchicago.org/resource/r5kz-chrr.json,2026-06-30,20,No Reliable Contact Method,False,Provide Advertising or Marketing Services
"Amira Learning, Inc.",Digital Marketing Agency,,,,5214F  DIAMOND HEIGHTS BLVD  3255,San Francisco,Ca,94131,United States,,,City of Chicago Open Data,https://data.cityofchicago.org/resource/r5kz-chrr.json,2026-06-30,20,No Reliable Contact Method,False,Provide Advertising or Marketing Services
"Amusing Violet, Llc",Digital Marketing Agency,,,,1720 W 19TH ST 1ST,Chicago,Il,60608,United States,,,City of Chicago Open Data,https://data.cityofchicago.org/resource/r5kz-chrr.json,2026-06-30,20,No Reliable Contact Method,False,Marketing / Advertising / Public Relations (Home Based Business) | Professional Consulting (Home Based Business)
Andrew C Howard,Digital Marketing Agency,,,,2223 W GREENLEAF AVE 1,Chicago,Il,60645,United States,,,City of Chicago Open Data,https://data.cityofchicago.org/resource/r5kz-chrr.json,2026-06-30,20,No Reliable Contact Method,False,Marketing / Advertising / Public Relations (Home Based Business)
Anthony Peacock,Digital Marketing Agency,,,,332 S MICHIGAN AVE 10TH 1032-M775,Chicago,Il,60604,United States,,,City of Chicago Open Data,https://data.cityofchicago.org/resource/r5kz-chrr.json,2026-06-30,20,No Reliable Contact Method,False,Provide Advertising or Marketing Services
Antonio V. King,Digital Marketing Agency,,,,501 E 32ND ST 12TH 1210,Chicago,Il,60616,United States,,,City of Chicago Open Data,https://data.cityofchicago.org/resource/r5kz-chrr.json,2026-06-30,20,No Reliable Contact Method,False,Marketing / Advertising / Public Relations (Home Based Business)
April May Llc,Digital Marketing Agency,,,,1250 S MICHIGAN AVE 9 909,Chicago,Il,60605,United States,,,City of Chicago Open Data,https://data.cityofchicago.org/resource/r5kz-chrr.json,2026-06-30,20,No Reliable Contact Method,False,Marketing / Advertising / Public Relations (Home Based Business)
"A Rational Perspective, LLC",Digital Marketing Agency,,,,360 E SOUTH WATER ST 35 3502,Chicago,Il,60601,United States,,,City of Chicago Open Data,https://data.cityofchicago.org/resource/r5kz-chrr.json,2026-06-30,20,No Reliable Contact Method,False,Freelance Writer (Home Based Business) | Marketing / Advertising / Public Relations (Home Based Business) | Professional Consulting (Home Based Business) | Other Home Based Businesses
"Arena Partners, LLC",Digital Marketing Agency,,,,1999  JOHNS DR,Glenview,Il,60025,United States,,,City of Chicago Open Data,https://data.cityofchicago.org/resource/r5kz-chrr.json,2026-06-30,20,No Reliable Contact Method,False,Provide Advertising or Marketing Services
"ARS Advertising Group, LLC",Digital Marketing Agency,,,,1 N STATE ST 14 1500,Chicago,Il,60602,United States,,,City of Chicago Open Data,https://data.cityofchicago.org/resource/r5kz-chrr.json,2026-06-30,20,No Reliable Contact Method,False,Provide Advertising or Marketing Services
Artengr Marketing Solutions Inc.,Digital Marketing Agency,,,,5245 N CENTRAL AVE,Chicago,Il,60630,United States,,,City of Chicago Open Data,https://data.cityofchicago.org/resource/r5kz-chrr.json,2026-06-30,20,No Reliable Contact Method,False,Operation of an Administrative Commercial Office | Provide Advertising or Marketing Services
"Ashlen Enterprises, LLC",Digital Marketing Agency,,,,73 E LAKE ST 28 2805,Chicago,Il,60601,United States,,,City of Chicago Open Data,https://data.cityofchicago.org/resource/r5kz-chrr.json,2026-06-30,20,No Reliable Contact Method,False,Marketing / Advertising / Public Relations (Home Based Business) | Professional Consulting (Home Based Business) | Online Sales (Home Based Business) | Media Consulting (Home Based Business)
"Assurance International, Inc.",Digital Marketing Agency,,,,650 N DEARBORN ST  200,Chicago,Il,60654,United States,,,City of Chicago Open Data,https://data.cityofchicago.org/resource/r5kz-chrr.json,2026-06-30,20,No Reliable Contact Method,False,Provide Advertising or Marketing Services
"Audience Architects, Nfp",Digital Marketing Agency,,,,641 W LAKE ST  200,Chicago,Il,60661,United States,,,City of Chicago Open Data,https://data.cityofchicago.org/resource/r5kz-chrr.json,2026-06-30,20,No Reliable Contact Method,False,Provide Advertising or Marketing Services | Not-For-Profit Selling Raffles for Prizes of $50 or More | Retail Sales of General Merchandise
Authentic Campaigns Inc.,Digital Marketing Agency,,,,321 N CLARK ST  730,Chicago,Il,60654,United States,,,City of Chicago Open Data,https://data.cityofchicago.org/resource/r5kz-chrr.json,2026-06-30,20,No Reliable Contact Method,False,Provide Business and Management Consulting | Provide Advertising or Marketing Services
"Authentic Commercial Partners, LLC",Digital Marketing Agency,,,,321 N CLARK ST  730,Chicago,Il,60654,United States,,,City of Chicago Open Data,https://data.cityofchicago.org/resource/r5kz-chrr.json,2026-06-30,20,No Reliable Contact Method,False,Provide Advertising or Marketing Services
"Avante Advertising, Inc.",Digital Marketing Agency,,,,17 N STATE ST 8 890,Chicago,Il,60602,United States,,,City of Chicago Open Data,https://data.cityofchicago.org/resource/r5kz-chrr.json,2026-06-30,20,No Reliable Contact Method,False,Provide Advertising or Marketing Services
"Avenue Group, LLC",Digital Marketing Agency,,,,954 W WASHINGTON BLVD 7 750,Chicago,Il,60607,United States,,,City of Chicago Open Data,https://data.cityofchicago.org/resource/r5kz-chrr.json,2026-06-30,20,No Reliable Contact Method,False,Provide Business and Management Consulting | Provide Graphic Design and Consultation Services | Provide Advertising or Marketing Services
"Avoq, Llc",Digital Marketing Agency,,,,222 W MERCHANDISE MART PLZ 24 2400,Chicago,Il,60654,United States,,,City of Chicago Open Data,https://data.cityofchicago.org/resource/r5kz-chrr.json,2026-06-30,20,No Reliable Contact Method,False,Provide Advertising or Marketing Services
Awin Inc.,Digital Marketing Agency,,,,167 N GREEN ST  04A-117,Chicago,Il,60607,United States,,,City of Chicago Open Data,https://data.cityofchicago.org/resource/r5kz-chrr.json,2026-06-30,20,No Reliable Contact Method,False,Provide Advertising or Marketing Services
Bamko Llc,Digital Marketing Agency,,,,303 W ERIE ST 4 415,Chicago,Il,60054,United States,,,City of Chicago Open Data,https://data.cityofchicago.org/resource/r5kz-chrr.json,2026-06-30,20,No Reliable Contact Method,False,Provide Advertising or Marketing Services
Barbara Labra Hernandez,Digital Marketing Agency,,,,3817 N KENMORE AVE 2 UNIT 2,Chicago,Il,60613,United States,,,City of Chicago Open Data,https://data.cityofchicago.org/resource/r5kz-chrr.json,2026-06-30,20,No Reliable Contact Method,False,Marketing / Advertising / Public Relations (Home Based Business)
"Bars 2238, LLC",Digital Marketing Agency,,,,2108 N LAPORTE AVE 1ST,Chicago,Il,60639,United States,,,City of Chicago Open Data,https://data.cityofchicago.org/resource/r5kz-chrr.json,2026-06-30,20,No Reliable Contact Method,False,Marketing / Advertising / Public Relations (Home Based Business)
Basis Global Technologies Inc.,Digital Marketing Agency,,,,222 W HUBBARD ST 2 200,Chicago,Il,60654,United States,,,City of Chicago Open Data,https://data.cityofchicago.org/resource/r5kz-chrr.json,2026-06-30,20,No Reliable Contact Method,False,Provide Advertising or Marketing Services | Provide Computer Design/Development Consulting
Batesmeron Sweet Design Incorporated,Digital Marketing Agency,,,,1006 S MICHIGAN AVE 6 601,Chicago,Il,60605,United States,,,City of Chicago Open Data,https://data.cityofchicago.org/resource/r5kz-chrr.json,2026-06-30,20,No Reliable Contact Method,False,Provide Advertising or Marketing Services
Baws Studio Llc,Digital Marketing Agency,,,,908 W ADDISON ST 3,Chicago,Il,60613,United States,,,City of Chicago Open Data,https://data.cityofchicago.org/resource/r5kz-chrr.json,2026-06-30,20,No Reliable Contact Method,False,Marketing / Advertising / Public Relations (Home Based Business)
B Corp Store Inc.,Digital Marketing Agency,,,,4001 N RAVENSWOOD AVE 4TH 404,Chicago,Il,60613,United States,,,City of Chicago Open Data,https://data.cityofchicago.org/resource/r5kz-chrr.json,2026-06-30,20,No Reliable Contact Method,False,Provide Advertising or Marketing Services
"Beacon Solutions, Inc.",Digital Marketing Agency,,,,4809 N RAVENSWOOD AVE 4 422,Chicago,Il,60640,United States,,,City of Chicago Open Data,https://data.cityofchicago.org/resource/r5kz-chrr.json,2026-06-30,20,No Reliable Contact Method,False,Operation of an Administrative Commercial Office | Provide Advertising or Marketing Services | Miscellaneous Commercial Services | Provide Publishing Services
"Belo Marketing Solution, Inc.",Digital Marketing Agency,,,,17 N STATE ST 8 890,Chicago,Il,60602,United States,,,City of Chicago Open Data,https://data.cityofchicago.org/resource/r5kz-chrr.json,2026-06-30,20,No Reliable Contact Method,False,Provide Advertising or Marketing Services
Belway Development LLC,Digital Marketing Agency,,,,605 W BELMONT AVE FIRST,Chicago,Il,60657,United States,,,City of Chicago Open Data,https://data.cityofchicago.org/resource/r5kz-chrr.json,2026-06-30,20,No Reliable Contact Method,False,Provide Advertising or Marketing Services
Beth Interactive Inc.,Digital Marketing Agency,,,,4541 N RAVENSWOOD AVE 3 303,Chicago,Il,60640,United States,,,City of Chicago Open Data,https://data.cityofchicago.org/resource/r5kz-chrr.json,2026-06-30,20,No Reliable Contact Method,False,Operation of an Administrative Commercial Office | Provide Advertising or Marketing Services
