business_name,business_category,website,phone,email,address,city,state,zip_code,country,rating,review_count,source_name,source_url,date_collected,notes,website_valid,phone_valid,email_valid,email_generic,duplicate_of,duplicate_reason
Our Recommended Top 12,Digital Marketing Agency,,,,,Chicago,Illinois,,United States,,,Expertise.com,https://www.expertise.com/business/social-media-marketing/illinois/chicago,2026-06-30,,False,False,False,False,Our Recommended Top 24,similar name and same city
Our Recommended Top 13,Digital Marketing Agency,,,,,Chicago,Illinois,,United States,,,Expertise.com,https://www.expertise.com/business/marketing-consultants/illinois/chicago,2026-06-30,,False,False,False,False,Our Recommended Top 24,similar name and same city
We did the research for you!,Digital Marketing Agency,,,,,Chicago,Illinois,,United States,,,Expertise.com,https://www.expertise.com/business/social-media-marketing/illinois/chicago,2026-06-30,,False,False,False,False,We did the research for you!,similar name and same city
We did the research for you!,Digital Marketing Agency,,,,,Chicago,Illinois,,United States,,,Expertise.com,https://www.expertise.com/business/marketing-consultants/illinois/chicago,2026-06-30,,False,False,False,False,We did the research for you!,similar name and same city
Mess,Digital Marketing Agency,https://thisismess.com,,,,Chicago,Illinois,,United States,,,Expertise.com,https://www.expertise.com/business/digital-marketing-agencies/illinois/chicago,2026-06-30,,True,False,False,False,Providers,same website domain
Providers,Digital Marketing Agency,https://agencyinmotion.com,,,,Chicago,Illinois,,United States,,,Expertise.com,https://www.expertise.com/business/social-media-marketing/illinois/chicago,2026-06-30,,True,False,False,False,Providers,similar name and same city
Motion Agency,Digital Marketing Agency,https://agencyinmotion.com,,,,Chicago,Illinois,,United States,,,Expertise.com,https://www.expertise.com/business/social-media-marketing/illinois/chicago,2026-06-30,,True,False,False,False,Providers,similar name and same city
Expertise.com Rating,Digital Marketing Agency,,,,,Chicago,Illinois,,United States,,,Expertise.com,https://www.expertise.com/business/digital-marketing-agencies/illinois/chicago,2026-06-30,,False,False,False,False,Expertise.com Rating,similar name and same city
Expertise.com Rating,Digital Marketing Agency,,,,,Chicago,Illinois,,United States,,,Expertise.com,https://www.expertise.com/business/digital-marketing-agencies/illinois/chicago,2026-06-30,,False,False,False,False,Expertise.com Rating,similar name and same city
Expertise.com Rating,Digital Marketing Agency,,,,,Chicago,Illinois,,United States,,,Expertise.com,https://www.expertise.com/business/digital-marketing-agencies/illinois/chicago,2026-06-30,,False,False,False,False,Expertise.com Rating,similar name and same city
Expertise.com Rating,Digital Marketing Agency,,,,,Chicago,Illinois,,United States,,,Expertise.com,https://www.expertise.com/business/digital-marketing-agencies/illinois/chicago,2026-06-30,,False,False,False,False,Expertise.com Rating,similar name and same city
Expertise.com Rating,Digital Marketing Agency,,,,,Chicago,Illinois,,United States,,,Expertise.com,https://www.expertise.com/business/digital-marketing-agencies/illinois/chicago,2026-06-30,,False,False,False,False,Expertise.com Rating,similar name and same city
Expertise.com Rating,Digital Marketing Agency,,,,,Chicago,Illinois,,United States,,,Expertise.com,https://www.expertise.com/business/digital-marketing-agencies/illinois/chicago,2026-06-30,,False,False,False,False,Expertise.com Rating,similar name and same city
Expertise.com Rating,Digital Marketing Agency,,,,,Chicago,Illinois,,United States,,,Expertise.com,https://www.expertise.com/business/digital-marketing-agencies/illinois/chicago,2026-06-30,,False,False,False,False,Expertise.com Rating,similar name and same city
Expertise.com Rating,Digital Marketing Agency,,,,,Chicago,Illinois,,United States,,,Expertise.com,https://www.expertise.com/business/digital-marketing-agencies/illinois/chicago,2026-06-30,,False,False,False,False,Expertise.com Rating,similar name and same city
Expertise.com Rating,Digital Marketing Agency,,,,,Chicago,Illinois,,United States,,,Expertise.com,https://www.expertise.com/business/digital-marketing-agencies/illinois/chicago,2026-06-30,,False,False,False,False,Expertise.com Rating,similar name and same city
Expertise.com Rating,Digital Marketing Agency,,,,,Chicago,Illinois,,United States,,,Expertise.com,https://www.expertise.com/business/digital-marketing-agencies/illinois/chicago,2026-06-30,,False,False,False,False,Expertise.com Rating,similar name and same city
Expertise.com Rating,Digital Marketing Agency,,,,,Chicago,Illinois,,United States,,,Expertise.com,https://www.expertise.com/business/digital-marketing-agencies/illinois/chicago,2026-06-30,,False,False,False,False,Expertise.com Rating,similar name and same city
Expertise.com Rating,Digital Marketing Agency,,,,,Chicago,Illinois,,United States,,,Expertise.com,https://www.expertise.com/business/digital-marketing-agencies/illinois/chicago,2026-06-30,,False,False,False,False,Expertise.com Rating,similar name and same city
Expertise.com Rating,Digital Marketing Agency,,,,,Chicago,Illinois,,United States,,,Expertise.com,https://www.expertise.com/business/digital-marketing-agencies/illinois/chicago,2026-06-30,,False,False,False,False,Expertise.com Rating,similar name and same city
Expertise.com Rating,Digital Marketing Agency,,,,,Chicago,Illinois,,United States,,,Expertise.com,https://www.expertise.com/business/digital-marketing-agencies/illinois/chicago,2026-06-30,,False,False,False,False,Expertise.com Rating,similar name and same city
Expertise.com Rating,Digital Marketing Agency,,,,,Chicago,Illinois,,United States,,,Expertise.com,https://www.expertise.com/business/digital-marketing-agencies/illinois/chicago,2026-06-30,,False,False,False,False,Expertise.com Rating,similar name and same city
Expertise.com Rating,Digital Marketing Agency,,,,,Chicago,Illinois,,United States,,,Expertise.com,https://www.expertise.com/business/digital-marketing-agencies/illinois/chicago,2026-06-30,,False,False,False,False,Expertise.com Rating,similar name and same city
Expertise.com Rating,Digital Marketing Agency,,,,,Chicago,Illinois,,United States,,,Expertise.com,https://www.expertise.com/business/digital-marketing-agencies/illinois/chicago,2026-06-30,,False,False,False,False,Expertise.com Rating,similar name and same city
Expertise.com Rating,Digital Marketing Agency,,,,,Chicago,Illinois,,United States,,,Expertise.com,https://www.expertise.com/business/digital-marketing-agencies/illinois/chicago,2026-06-30,,False,False,False,False,Expertise.com Rating,similar name and same city
Expertise.com Rating,Digital Marketing Agency,,,,,Chicago,Illinois,,United States,,,Expertise.com,https://www.expertise.com/business/digital-marketing-agencies/illinois/chicago,2026-06-30,,False,False,False,False,Expertise.com Rating,similar name and same city
Expertise.com Rating,Digital Marketing Agency,,,,,Chicago,Illinois,,United States,,,Expertise.com,https://www.expertise.com/business/digital-marketing-agencies/illinois/chicago,2026-06-30,,False,False,False,False,Expertise.com Rating,similar name and same city
Expertise.com Rating,Digital Marketing Agency,,,,,Chicago,Illinois,,United States,,,Expertise.com,https://www.expertise.com/business/social-media-marketing/illinois/chicago,2026-06-30,,False,False,False,False,Expertise.com Rating,similar name and same city
Expertise.com Rating,Digital Marketing Agency,,,,,Chicago,Illinois,,United States,,,Expertise.com,https://www.expertise.com/business/social-media-marketing/illinois/chicago,2026-06-30,,False,False,False,False,Expertise.com Rating,similar name and same city
Expertise.com Rating,Digital Marketing Agency,,,,,Chicago,Illinois,,United States,,,Expertise.com,https://www.expertise.com/business/social-media-marketing/illinois/chicago,2026-06-30,,False,False,False,False,Expertise.com Rating,similar name and same city
Expertise.com Rating,Digital Marketing Agency,,,,,Chicago,Illinois,,United States,,,Expertise.com,https://www.expertise.com/business/social-media-marketing/illinois/chicago,2026-06-30,,False,False,False,False,Expertise.com Rating,similar name and same city
Expertise.com Rating,Digital Marketing Agency,,,,,Chicago,Illinois,,United States,,,Expertise.com,https://www.expertise.com/business/social-media-marketing/illinois/chicago,2026-06-30,,False,False,False,False,Expertise.com Rating,similar name and same city
Expertise.com Rating,Digital Marketing Agency,,,,,Chicago,Illinois,,United States,,,Expertise.com,https://www.expertise.com/business/social-media-marketing/illinois/chicago,2026-06-30,,False,False,False,False,Expertise.com Rating,similar name and same city
Expertise.com Rating,Digital Marketing Agency,,,,,Chicago,Illinois,,United States,,,Expertise.com,https://www.expertise.com/business/social-media-marketing/illinois/chicago,2026-06-30,,False,False,False,False,Expertise.com Rating,similar name and same city
Expertise.com Rating,Digital Marketing Agency,,,,,Chicago,Illinois,,United States,,,Expertise.com,https://www.expertise.com/business/social-media-marketing/illinois/chicago,2026-06-30,,False,False,False,False,Expertise.com Rating,similar name and same city
Expertise.com Rating,Digital Marketing Agency,,,,,Chicago,Illinois,,United States,,,Expertise.com,https://www.expertise.com/business/social-media-marketing/illinois/chicago,2026-06-30,,False,False,False,False,Expertise.com Rating,similar name and same city
Expertise.com Rating,Digital Marketing Agency,,,,,Chicago,Illinois,,United States,,,Expertise.com,https://www.expertise.com/business/social-media-marketing/illinois/chicago,2026-06-30,,False,False,False,False,Expertise.com Rating,similar name and same city
Expertise.com Rating,Digital Marketing Agency,,,,,Chicago,Illinois,,United States,,,Expertise.com,https://www.expertise.com/business/social-media-marketing/illinois/chicago,2026-06-30,,False,False,False,False,Expertise.com Rating,similar name and same city
Expertise.com Rating,Digital Marketing Agency,,,,,Chicago,Illinois,,United States,,,Expertise.com,https://www.expertise.com/business/marketing-consultants/illinois/chicago,2026-06-30,,False,False,False,False,Expertise.com Rating,similar name and same city
Expertise.com Rating,Digital Marketing Agency,,,,,Chicago,Illinois,,United States,,,Expertise.com,https://www.expertise.com/business/marketing-consultants/illinois/chicago,2026-06-30,,False,False,False,False,Expertise.com Rating,similar name and same city
Expertise.com Rating,Digital Marketing Agency,,,,,Chicago,Illinois,,United States,,,Expertise.com,https://www.expertise.com/business/marketing-consultants/illinois/chicago,2026-06-30,,False,False,False,False,Expertise.com Rating,similar name and same city
Expertise.com Rating,Digital Marketing Agency,,,,,Chicago,Illinois,,United States,,,Expertise.com,https://www.expertise.com/business/marketing-consultants/illinois/chicago,2026-06-30,,False,False,False,False,Expertise.com Rating,similar name and same city
Expertise.com Rating,Digital Marketing Agency,,,,,Chicago,Illinois,,United States,,,Expertise.com,https://www.expertise.com/business/marketing-consultants/illinois/chicago,2026-06-30,,False,False,False,False,Expertise.com Rating,similar name and same city
Expertise.com Rating,Digital Marketing Agency,,,,,Chicago,Illinois,,United States,,,Expertise.com,https://www.expertise.com/business/marketing-consultants/illinois/chicago,2026-06-30,,False,False,False,False,Expertise.com Rating,similar name and same city
Expertise.com Rating,Digital Marketing Agency,,,,,Chicago,Illinois,,United States,,,Expertise.com,https://www.expertise.com/business/marketing-consultants/illinois/chicago,2026-06-30,,False,False,False,False,Expertise.com Rating,similar name and same city
Expertise.com Rating,Digital Marketing Agency,,,,,Chicago,Illinois,,United States,,,Expertise.com,https://www.expertise.com/business/marketing-consultants/illinois/chicago,2026-06-30,,False,False,False,False,Expertise.com Rating,similar name and same city
Expertise.com Rating,Digital Marketing Agency,,,,,Chicago,Illinois,,United States,,,Expertise.com,https://www.expertise.com/business/marketing-consultants/illinois/chicago,2026-06-30,,False,False,False,False,Expertise.com Rating,similar name and same city
Expertise.com Rating,Digital Marketing Agency,,,,,Chicago,Illinois,,United States,,,Expertise.com,https://www.expertise.com/business/marketing-consultants/illinois/chicago,2026-06-30,,False,False,False,False,Expertise.com Rating,similar name and same city
Expertise.com Rating,Digital Marketing Agency,,,,,Chicago,Illinois,,United States,,,Expertise.com,https://www.expertise.com/business/marketing-consultants/illinois/chicago,2026-06-30,,False,False,False,False,Expertise.com Rating,similar name and same city
Expertise.com Rating,Digital Marketing Agency,,,,,Chicago,Illinois,,United States,,,Expertise.com,https://www.expertise.com/business/marketing-consultants/illinois/chicago,2026-06-30,,False,False,False,False,Expertise.com Rating,similar name and same city
Expertise.com,Digital Marketing Agency,https://www.facebook.com/ExpertiseLocal,+18777697769,,,Chicago,Illinois,,United States,,,Expertise.com,https://www.expertise.com/business/social-media-marketing/illinois/chicago,2026-06-30,,True,True,False,False,Expertise.com,same website domain
Expertise.com,Digital Marketing Agency,https://www.facebook.com/ExpertiseLocal,+18777697769,,,Chicago,Illinois,,United States,,,Expertise.com,https://www.expertise.com/business/marketing-consultants/illinois/chicago,2026-06-30,,True,True,False,False,Expertise.com,same website domain
Review Sources,Digital Marketing Agency,https://www.facebook.com/thisismess/reviews,,,,Chicago,Illinois,,United States,,,Expertise.com,https://www.expertise.com/business/digital-marketing-agencies/illinois/chicago,2026-06-30,,True,False,False,False,Expertise.com,same website domain
Review Sources,Digital Marketing Agency,https://www.google.com/search?q=Colormatics&sca_esv=0c2ba5a19502270d&sxsrf=ADLYWILZwgs-9xYAyAPlRFknBy63fD3dWQ%3A1731967026744&ei=Mrg7Z7yZLe284-EP-5zZsAE&ved=0ahUKEwi8-pD77-aJAxVt3jgGHXtOFhYQ4dUDCA8&uact=5&oq=Colormatics&gs_lp=Egxnd3Mtd2l6LXNlcnAiC0NvbG9yb,,,,Chicago,Illinois,,United States,,,Expertise.com,https://www.expertise.com/business/digital-marketing-agencies/illinois/chicago,2026-06-30,,True,False,False,False,Expertise.com,similar name and same city
Review Sources,Digital Marketing Agency,https://www.google.com/search?q=BusySeed+Brooklyn,,,,Chicago,Illinois,,United States,,,Expertise.com,https://www.expertise.com/business/digital-marketing-agencies/illinois/chicago,2026-06-30,,True,False,False,False,Expertise.com,similar name and same city
Review Sources,Digital Marketing Agency,https://www.google.com/search?q=More+Local+Clients+Mundelein&ei=6arYY4a6NpiH-QalupDwCA&ved=0ahUKEwjG0r2vjfH8AhWYQ94KHSUdBI4Q4dUDCA8&uact=5&oq=More+Local+Clients+Mundelein&gs_lcp=Cgxnd3Mtd2l6LXNlcnAQAzIFCCEQoAEyBQghEKABMgUIIRCgAUoECEEYAUoECEYYAFCOAliOAmDpA,,,,Chicago,Illinois,,United States,,,Expertise.com,https://www.expertise.com/business/digital-marketing-agencies/illinois/chicago,2026-06-30,,True,False,False,False,Expertise.com,similar name and same city
Review Sources,Digital Marketing Agency,https://web.facebook.com/digitaldestination1?fref=ts&_rdc=1,,,,Chicago,Illinois,,United States,,,Expertise.com,https://www.expertise.com/business/digital-marketing-agencies/illinois/chicago,2026-06-30,,True,False,False,False,Expertise.com,similar name and same city
Review Sources,Digital Marketing Agency,https://www.facebook.com/mywhyagency,,,,Chicago,Illinois,,United States,,,Expertise.com,https://www.expertise.com/business/digital-marketing-agencies/illinois/chicago,2026-06-30,,True,False,False,False,Expertise.com,same website domain
Review Sources,Digital Marketing Agency,https://www.facebook.com/ideabooth,,,,Chicago,Illinois,,United States,,,Expertise.com,https://www.expertise.com/business/digital-marketing-agencies/illinois/chicago,2026-06-30,,True,False,False,False,Expertise.com,same website domain
Review Sources,Digital Marketing Agency,https://www.facebook.com/dNovoGroup,,,,Chicago,Illinois,,United States,,,Expertise.com,https://www.expertise.com/business/digital-marketing-agencies/illinois/chicago,2026-06-30,,True,False,False,False,Expertise.com,same website domain
Review Sources,Digital Marketing Agency,https://www.google.com/search?q=KitelyTech+Chicago,,,,Chicago,Illinois,,United States,,,Expertise.com,https://www.expertise.com/business/digital-marketing-agencies/illinois/chicago,2026-06-30,,True,False,False,False,Expertise.com,similar name and same city
Review Sources,Digital Marketing Agency,https://www.google.com/search?q=1o8+Chicago,,,,Chicago,Illinois,,United States,,,Expertise.com,https://www.expertise.com/business/digital-marketing-agencies/illinois/chicago,2026-06-30,,True,False,False,False,Expertise.com,similar name and same city
Review Sources,Digital Marketing Agency,https://www.facebook.com/DM360Chicago,,,,Chicago,Illinois,,United States,,,Expertise.com,https://www.expertise.com/business/digital-marketing-agencies/illinois/chicago,2026-06-30,,True,False,False,False,Expertise.com,same website domain
Review Sources,Digital Marketing Agency,https://www.facebook.com/TheMotionAgency,,,,Chicago,Illinois,,United States,,,Expertise.com,https://www.expertise.com/business/social-media-marketing/illinois/chicago,2026-06-30,,True,False,False,False,Expertise.com,same website domain
Review Sources,Digital Marketing Agency,https://www.facebook.com/TaylorJohnsonPR,,,,Chicago,Illinois,,United States,,,Expertise.com,https://www.expertise.com/business/social-media-marketing/illinois/chicago,2026-06-30,,True,False,False,False,Expertise.com,same website domain
Review Sources,Digital Marketing Agency,https://www.google.com/search?q=Bomb+%26+Bossy+Chicago,,,,Chicago,Illinois,,United States,,,Expertise.com,https://www.expertise.com/business/social-media-marketing/illinois/chicago,2026-06-30,,True,False,False,False,Expertise.com,similar name and same city
Review Sources,Digital Marketing Agency,https://www.facebook.com/brightbrightgreat/reviews,,,,Chicago,Illinois,,United States,,,Expertise.com,https://www.expertise.com/business/social-media-marketing/illinois/chicago,2026-06-30,,True,False,False,False,Expertise.com,same website domain
Review Sources,Digital Marketing Agency,https://www.google.com/search?q=Heron+Agency+Chicago,,,,Chicago,Illinois,,United States,,,Expertise.com,https://www.expertise.com/business/social-media-marketing/illinois/chicago,2026-06-30,,True,False,False,False,Expertise.com,similar name and same city
Review Sources,Digital Marketing Agency,https://www.facebook.com/LCWATeam,,,,Chicago,Illinois,,United States,,,Expertise.com,https://www.expertise.com/business/social-media-marketing/illinois/chicago,2026-06-30,,True,False,False,False,Expertise.com,same website domain
Review Sources,Digital Marketing Agency,https://www.facebook.com/dccmarketing,,,,Chicago,Illinois,,United States,,,Expertise.com,https://www.expertise.com/business/social-media-marketing/illinois/chicago,2026-06-30,,True,False,False,False,Expertise.com,same website domain
Review Sources,Digital Marketing Agency,https://www.facebook.com/BettieBombAgency,,,,Chicago,Illinois,,United States,,,Expertise.com,https://www.expertise.com/business/marketing-consultants/illinois/chicago,2026-06-30,,True,False,False,False,Expertise.com,same website domain
Review Sources,Digital Marketing Agency,https://www.facebook.com/HawthorneStrategyGroup,,,,Chicago,Illinois,,United States,,,Expertise.com,https://www.expertise.com/business/marketing-consultants/illinois/chicago,2026-06-30,,True,False,False,False,Expertise.com,same website domain
Review Sources,Digital Marketing Agency,https://www.google.com/search?q=Solid+Digital+Chicago,,,,Chicago,Illinois,,United States,,,Expertise.com,https://www.expertise.com/business/marketing-consultants/illinois/chicago,2026-06-30,,True,False,False,False,Expertise.com,similar name and same city
Review Sources,Digital Marketing Agency,https://www.google.com/search?q=Retailbound+40W343+Edgar+Lee+Masters+Lane%0D%0A%0D%0ASt.+Charles%2C+IL%0D%0A%0D%0A&sca_esv=58ee1eef8088a707&sxsrf=AE3TifPcMJCWkKQivQDCxNAJmdtwOCILYw%3A1751105317864&ei=Jb9faIfINIHo1e8Po4K4mAI&ved=0ahUKEwjH7r3T75OOAxUBdPUHHS,,,,Chicago,Illinois,,United States,,,Expertise.com,https://www.expertise.com/business/marketing-consultants/illinois/chicago,2026-06-30,,True,False,False,False,Expertise.com,similar name and same city
Review Sources,Digital Marketing Agency,https://www.google.com/search?q=EM+Search+Consulting+Chicago,,,,Chicago,Illinois,,United States,,,Expertise.com,https://www.expertise.com/business/marketing-consultants/illinois/chicago,2026-06-30,,True,False,False,False,Expertise.com,similar name and same city
Review Sources,Digital Marketing Agency,https://www.facebook.com/50000feet,,,,Chicago,Illinois,,United States,,,Expertise.com,https://www.expertise.com/business/marketing-consultants/illinois/chicago,2026-06-30,,True,False,False,False,Expertise.com,same website domain
Review Sources,Digital Marketing Agency,https://www.facebook.com/yoursimpletruth,,,,Chicago,Illinois,,United States,,,Expertise.com,https://www.expertise.com/business/marketing-consultants/illinois/chicago,2026-06-30,,True,False,False,False,Expertise.com,same website domain
Review Sources,Digital Marketing Agency,,,,,Chicago,Illinois,,United States,,,Expertise.com,https://www.expertise.com/business/digital-marketing-agencies/illinois/chicago,2026-06-30,,False,False,False,False,Expertise.com,similar name and same city
Review Sources,Digital Marketing Agency,,,,,Chicago,Illinois,,United States,,,Expertise.com,https://www.expertise.com/business/digital-marketing-agencies/illinois/chicago,2026-06-30,,False,False,False,False,Expertise.com,similar name and same city
Review Sources,Digital Marketing Agency,,,,,Chicago,Illinois,,United States,,,Expertise.com,https://www.expertise.com/business/digital-marketing-agencies/illinois/chicago,2026-06-30,,False,False,False,False,Expertise.com,similar name and same city
Review Sources,Digital Marketing Agency,,,,,Chicago,Illinois,,United States,,,Expertise.com,https://www.expertise.com/business/digital-marketing-agencies/illinois/chicago,2026-06-30,,False,False,False,False,Expertise.com,similar name and same city
Review Sources,Digital Marketing Agency,,,,,Chicago,Illinois,,United States,,,Expertise.com,https://www.expertise.com/business/social-media-marketing/illinois/chicago,2026-06-30,,False,False,False,False,Expertise.com,similar name and same city
Review Sources,Digital Marketing Agency,,,,,Chicago,Illinois,,United States,,,Expertise.com,https://www.expertise.com/business/social-media-marketing/illinois/chicago,2026-06-30,,False,False,False,False,Expertise.com,similar name and same city
Review Sources,Digital Marketing Agency,,,,,Chicago,Illinois,,United States,,,Expertise.com,https://www.expertise.com/business/marketing-consultants/illinois/chicago,2026-06-30,,False,False,False,False,Expertise.com,similar name and same city
Why choose this provider?,Digital Marketing Agency,,,,,Chicago,Illinois,,United States,,,Expertise.com,https://www.expertise.com/business/digital-marketing-agencies/illinois/chicago,2026-06-30,,False,False,False,False,Why choose this provider?,similar name and same city
Why choose this provider?,Digital Marketing Agency,,,,,Chicago,Illinois,,United States,,,Expertise.com,https://www.expertise.com/business/digital-marketing-agencies/illinois/chicago,2026-06-30,,False,False,False,False,Why choose this provider?,similar name and same city
Why choose this provider?,Digital Marketing Agency,,,,,Chicago,Illinois,,United States,,,Expertise.com,https://www.expertise.com/business/digital-marketing-agencies/illinois/chicago,2026-06-30,,False,False,False,False,Why choose this provider?,similar name and same city
Why choose this provider?,Digital Marketing Agency,,,,,Chicago,Illinois,,United States,,,Expertise.com,https://www.expertise.com/business/digital-marketing-agencies/illinois/chicago,2026-06-30,,False,False,False,False,Why choose this provider?,similar name and same city
Why choose this provider?,Digital Marketing Agency,,,,,Chicago,Illinois,,United States,,,Expertise.com,https://www.expertise.com/business/digital-marketing-agencies/illinois/chicago,2026-06-30,,False,False,False,False,Why choose this provider?,similar name and same city
Why choose this provider?,Digital Marketing Agency,,,,,Chicago,Illinois,,United States,,,Expertise.com,https://www.expertise.com/business/digital-marketing-agencies/illinois/chicago,2026-06-30,,False,False,False,False,Why choose this provider?,similar name and same city
Why choose this provider?,Digital Marketing Agency,,,,,Chicago,Illinois,,United States,,,Expertise.com,https://www.expertise.com/business/digital-marketing-agencies/illinois/chicago,2026-06-30,,False,False,False,False,Why choose this provider?,similar name and same city
Why choose this provider?,Digital Marketing Agency,,,,,Chicago,Illinois,,United States,,,Expertise.com,https://www.expertise.com/business/digital-marketing-agencies/illinois/chicago,2026-06-30,,False,False,False,False,Why choose this provider?,similar name and same city
Why choose this provider?,Digital Marketing Agency,,,,,Chicago,Illinois,,United States,,,Expertise.com,https://www.expertise.com/business/digital-marketing-agencies/illinois/chicago,2026-06-30,,False,False,False,False,Why choose this provider?,similar name and same city
Why choose this provider?,Digital Marketing Agency,,,,,Chicago,Illinois,,United States,,,Expertise.com,https://www.expertise.com/business/digital-marketing-agencies/illinois/chicago,2026-06-30,,False,False,False,False,Why choose this provider?,similar name and same city
Why choose this provider?,Digital Marketing Agency,,,,,Chicago,Illinois,,United States,,,Expertise.com,https://www.expertise.com/business/digital-marketing-agencies/illinois/chicago,2026-06-30,,False,False,False,False,Why choose this provider?,similar name and same city
Why choose this provider?,Digital Marketing Agency,,,,,Chicago,Illinois,,United States,,,Expertise.com,https://www.expertise.com/business/digital-marketing-agencies/illinois/chicago,2026-06-30,,False,False,False,False,Why choose this provider?,similar name and same city
Why choose this provider?,Digital Marketing Agency,,,,,Chicago,Illinois,,United States,,,Expertise.com,https://www.expertise.com/business/digital-marketing-agencies/illinois/chicago,2026-06-30,,False,False,False,False,Why choose this provider?,similar name and same city
Why choose this provider?,Digital Marketing Agency,,,,,Chicago,Illinois,,United States,,,Expertise.com,https://www.expertise.com/business/digital-marketing-agencies/illinois/chicago,2026-06-30,,False,False,False,False,Why choose this provider?,similar name and same city
Why choose this provider?,Digital Marketing Agency,,,,,Chicago,Illinois,,United States,,,Expertise.com,https://www.expertise.com/business/digital-marketing-agencies/illinois/chicago,2026-06-30,,False,False,False,False,Why choose this provider?,similar name and same city
Why choose this provider?,Digital Marketing Agency,,,,,Chicago,Illinois,,United States,,,Expertise.com,https://www.expertise.com/business/digital-marketing-agencies/illinois/chicago,2026-06-30,,False,False,False,False,Why choose this provider?,similar name and same city
Why choose this provider?,Digital Marketing Agency,,,,,Chicago,Illinois,,United States,,,Expertise.com,https://www.expertise.com/business/digital-marketing-agencies/illinois/chicago,2026-06-30,,False,False,False,False,Why choose this provider?,similar name and same city
Why choose this provider?,Digital Marketing Agency,,,,,Chicago,Illinois,,United States,,,Expertise.com,https://www.expertise.com/business/digital-marketing-agencies/illinois/chicago,2026-06-30,,False,False,False,False,Why choose this provider?,similar name and same city
Why choose this provider?,Digital Marketing Agency,,,,,Chicago,Illinois,,United States,,,Expertise.com,https://www.expertise.com/business/digital-marketing-agencies/illinois/chicago,2026-06-30,,False,False,False,False,Why choose this provider?,similar name and same city
Why choose this provider?,Digital Marketing Agency,,,,,Chicago,Illinois,,United States,,,Expertise.com,https://www.expertise.com/business/digital-marketing-agencies/illinois/chicago,2026-06-30,,False,False,False,False,Why choose this provider?,similar name and same city
Why choose this provider?,Digital Marketing Agency,,,,,Chicago,Illinois,,United States,,,Expertise.com,https://www.expertise.com/business/digital-marketing-agencies/illinois/chicago,2026-06-30,,False,False,False,False,Why choose this provider?,similar name and same city
Why choose this provider?,Digital Marketing Agency,,,,,Chicago,Illinois,,United States,,,Expertise.com,https://www.expertise.com/business/digital-marketing-agencies/illinois/chicago,2026-06-30,,False,False,False,False,Why choose this provider?,similar name and same city
Why choose this provider?,Digital Marketing Agency,,,,,Chicago,Illinois,,United States,,,Expertise.com,https://www.expertise.com/business/digital-marketing-agencies/illinois/chicago,2026-06-30,,False,False,False,False,Why choose this provider?,similar name and same city
Why choose this provider?,Digital Marketing Agency,,,,,Chicago,Illinois,,United States,,,Expertise.com,https://www.expertise.com/business/digital-marketing-agencies/illinois/chicago,2026-06-30,,False,False,False,False,Why choose this provider?,similar name and same city
Why choose this provider?,Digital Marketing Agency,,,,,Chicago,Illinois,,United States,,,Expertise.com,https://www.expertise.com/business/social-media-marketing/illinois/chicago,2026-06-30,,False,False,False,False,Why choose this provider?,similar name and same city
Why choose this provider?,Digital Marketing Agency,,,,,Chicago,Illinois,,United States,,,Expertise.com,https://www.expertise.com/business/social-media-marketing/illinois/chicago,2026-06-30,,False,False,False,False,Why choose this provider?,similar name and same city
Why choose this provider?,Digital Marketing Agency,,,,,Chicago,Illinois,,United States,,,Expertise.com,https://www.expertise.com/business/social-media-marketing/illinois/chicago,2026-06-30,,False,False,False,False,Why choose this provider?,similar name and same city
Why choose this provider?,Digital Marketing Agency,,,,,Chicago,Illinois,,United States,,,Expertise.com,https://www.expertise.com/business/social-media-marketing/illinois/chicago,2026-06-30,,False,False,False,False,Why choose this provider?,similar name and same city
Why choose this provider?,Digital Marketing Agency,,,,,Chicago,Illinois,,United States,,,Expertise.com,https://www.expertise.com/business/social-media-marketing/illinois/chicago,2026-06-30,,False,False,False,False,Why choose this provider?,similar name and same city
Why choose this provider?,Digital Marketing Agency,,,,,Chicago,Illinois,,United States,,,Expertise.com,https://www.expertise.com/business/social-media-marketing/illinois/chicago,2026-06-30,,False,False,False,False,Why choose this provider?,similar name and same city
Why choose this provider?,Digital Marketing Agency,,,,,Chicago,Illinois,,United States,,,Expertise.com,https://www.expertise.com/business/social-media-marketing/illinois/chicago,2026-06-30,,False,False,False,False,Why choose this provider?,similar name and same city
Why choose this provider?,Digital Marketing Agency,,,,,Chicago,Illinois,,United States,,,Expertise.com,https://www.expertise.com/business/social-media-marketing/illinois/chicago,2026-06-30,,False,False,False,False,Why choose this provider?,similar name and same city
Why choose this provider?,Digital Marketing Agency,,,,,Chicago,Illinois,,United States,,,Expertise.com,https://www.expertise.com/business/social-media-marketing/illinois/chicago,2026-06-30,,False,False,False,False,Why choose this provider?,similar name and same city
Why choose this provider?,Digital Marketing Agency,,,,,Chicago,Illinois,,United States,,,Expertise.com,https://www.expertise.com/business/social-media-marketing/illinois/chicago,2026-06-30,,False,False,False,False,Why choose this provider?,similar name and same city
Why choose this provider?,Digital Marketing Agency,,,,,Chicago,Illinois,,United States,,,Expertise.com,https://www.expertise.com/business/social-media-marketing/illinois/chicago,2026-06-30,,False,False,False,False,Why choose this provider?,similar name and same city
Why choose this provider?,Digital Marketing Agency,,,,,Chicago,Illinois,,United States,,,Expertise.com,https://www.expertise.com/business/social-media-marketing/illinois/chicago,2026-06-30,,False,False,False,False,Why choose this provider?,similar name and same city
Why choose this provider?,Digital Marketing Agency,,,,,Chicago,Illinois,,United States,,,Expertise.com,https://www.expertise.com/business/marketing-consultants/illinois/chicago,2026-06-30,,False,False,False,False,Why choose this provider?,similar name and same city
Why choose this provider?,Digital Marketing Agency,,,,,Chicago,Illinois,,United States,,,Expertise.com,https://www.expertise.com/business/marketing-consultants/illinois/chicago,2026-06-30,,False,False,False,False,Why choose this provider?,similar name and same city
Why choose this provider?,Digital Marketing Agency,,,,,Chicago,Illinois,,United States,,,Expertise.com,https://www.expertise.com/business/marketing-consultants/illinois/chicago,2026-06-30,,False,False,False,False,Why choose this provider?,similar name and same city
Why choose this provider?,Digital Marketing Agency,,,,,Chicago,Illinois,,United States,,,Expertise.com,https://www.expertise.com/business/marketing-consultants/illinois/chicago,2026-06-30,,False,False,False,False,Why choose this provider?,similar name and same city
Why choose this provider?,Digital Marketing Agency,,,,,Chicago,Illinois,,United States,,,Expertise.com,https://www.expertise.com/business/marketing-consultants/illinois/chicago,2026-06-30,,False,False,False,False,Why choose this provider?,similar name and same city
Why choose this provider?,Digital Marketing Agency,,,,,Chicago,Illinois,,United States,,,Expertise.com,https://www.expertise.com/business/marketing-consultants/illinois/chicago,2026-06-30,,False,False,False,False,Why choose this provider?,similar name and same city
Why choose this provider?,Digital Marketing Agency,,,,,Chicago,Illinois,,United States,,,Expertise.com,https://www.expertise.com/business/marketing-consultants/illinois/chicago,2026-06-30,,False,False,False,False,Why choose this provider?,similar name and same city
Why choose this provider?,Digital Marketing Agency,,,,,Chicago,Illinois,,United States,,,Expertise.com,https://www.expertise.com/business/marketing-consultants/illinois/chicago,2026-06-30,,False,False,False,False,Why choose this provider?,similar name and same city
Why choose this provider?,Digital Marketing Agency,,,,,Chicago,Illinois,,United States,,,Expertise.com,https://www.expertise.com/business/marketing-consultants/illinois/chicago,2026-06-30,,False,False,False,False,Why choose this provider?,similar name and same city
Why choose this provider?,Digital Marketing Agency,,,,,Chicago,Illinois,,United States,,,Expertise.com,https://www.expertise.com/business/marketing-consultants/illinois/chicago,2026-06-30,,False,False,False,False,Why choose this provider?,similar name and same city
Why choose this provider?,Digital Marketing Agency,,,,,Chicago,Illinois,,United States,,,Expertise.com,https://www.expertise.com/business/marketing-consultants/illinois/chicago,2026-06-30,,False,False,False,False,Why choose this provider?,similar name and same city
Why choose this provider?,Digital Marketing Agency,,,,,Chicago,Illinois,,United States,,,Expertise.com,https://www.expertise.com/business/marketing-consultants/illinois/chicago,2026-06-30,,False,False,False,False,Why choose this provider?,similar name and same city
UPRISE Management,Digital Marketing Agency,https://www.uprisemgmt.com,,,,Chicago,Illinois,,United States,,,Expertise.com,https://www.expertise.com/business/social-media-marketing/illinois/chicago,2026-06-30,,True,False,False,False,UPRISE Management,same website domain
UPRISE Management,Digital Marketing Agency,https://www.uprisemgmt.com,,,,Chicago,Illinois,,United States,,,Expertise.com,https://www.expertise.com/business/marketing-consultants/illinois/chicago,2026-06-30,,True,False,False,False,UPRISE Management,same website domain
Solid Digital,Digital Marketing Agency,https://soliddigital.com,,,,Chicago,Illinois,,United States,,,Expertise.com,https://www.expertise.com/business/marketing-consultants/illinois/chicago,2026-06-30,,True,False,False,False,"Solid Digital, LLC",same website domain
"Other Business Professionals in Chicago, IL",Digital Marketing Agency,,,,,Chicago,Illinois,,United States,,,Expertise.com,https://www.expertise.com/business/social-media-marketing/illinois/chicago,2026-06-30,,False,False,False,False,"Other Business Professionals in Chicago, IL",similar name and same city
"Other Business Professionals in Chicago, IL",Digital Marketing Agency,,,,,Chicago,Illinois,,United States,,,Expertise.com,https://www.expertise.com/business/marketing-consultants/illinois/chicago,2026-06-30,,False,False,False,False,"Other Business Professionals in Chicago, IL",similar name and same city
Service Providers,Digital Marketing Agency,,,,,Chicago,Illinois,,United States,,,Expertise.com,https://www.expertise.com/business/social-media-marketing/illinois/chicago,2026-06-30,,False,False,False,False,Service Providers,similar name and same city
Service Providers,Digital Marketing Agency,,,,,Chicago,Illinois,,United States,,,Expertise.com,https://www.expertise.com/business/marketing-consultants/illinois/chicago,2026-06-30,,False,False,False,False,Service Providers,similar name and same city
Consumers,Digital Marketing Agency,,+18776455747,,,Chicago,Illinois,,United States,,,Expertise.com,https://www.expertise.com/business/digital-marketing-agencies/illinois/chicago,2026-06-30,,False,True,False,False,Providers,same phone number
Consumers,Digital Marketing Agency,,+18776455747,,,Chicago,Illinois,,United States,,,Expertise.com,https://www.expertise.com/business/social-media-marketing/illinois/chicago,2026-06-30,,False,True,False,False,Providers,same phone number
Bettie Bomb,Digital Marketing Agency,https://www.bettiebomb.com,,,,Chicago,Illinois,,United States,,,Expertise.com,https://www.expertise.com/business/marketing-consultants/illinois/chicago,2026-06-30,,True,False,False,False,Providers,same website domain
Consumers,Digital Marketing Agency,,+18776455747,,,Chicago,Illinois,,United States,,,Expertise.com,https://www.expertise.com/business/marketing-consultants/illinois/chicago,2026-06-30,,False,True,False,False,Providers,same phone number
Company,Digital Marketing Agency,,,,,Chicago,Illinois,,United States,,,Expertise.com,https://www.expertise.com/business/social-media-marketing/illinois/chicago,2026-06-30,,False,False,False,False,Company,similar name and same city
Company,Digital Marketing Agency,,,,,Chicago,Illinois,,United States,,,Expertise.com,https://www.expertise.com/business/marketing-consultants/illinois/chicago,2026-06-30,,False,False,False,False,Company,similar name and same city
"108, Llc",Digital Marketing Agency,,,,231 S LA SALLE ST  2100,Chicago,Il,60604,United States,,,City of Chicago Open Data,https://data.cityofchicago.org/resource/r5kz-chrr.json,2026-06-30,Provide Advertising or Marketing Services,False,False,False,False,"108, Llc",similar name and same city
"11 Dollar Bill, Llc",Digital Marketing Agency,,,,100 W KINZIE ST 3RD 300,Chicago,Il,60654,United States,,,City of Chicago Open Data,https://data.cityofchicago.org/resource/r5kz-chrr.json,2026-06-30,Provide Advertising or Marketing Services,False,False,False,False,"11 Dollar Bill, Llc",similar name and same city
"11 Dollar Bill, Llc",Digital Marketing Agency,,,,401 W SUPERIOR ST  200,Chicago,Il,60654,United States,,,City of Chicago Open Data,https://data.cityofchicago.org/resource/r5kz-chrr.json,2026-06-30,Provide Advertising or Marketing Services,False,False,False,False,"11 Dollar Bill, Llc",similar name and same city
"11 Dollar Bill, Llc",Digital Marketing Agency,,,,100 W KINZIE ST 3RD 300,Chicago,Il,60654,United States,,,City of Chicago Open Data,https://data.cityofchicago.org/resource/r5kz-chrr.json,2026-06-30,Provide Advertising or Marketing Services,False,False,False,False,"11 Dollar Bill, Llc",similar name and same city
"11 Dollar Bill, Llc",Digital Marketing Agency,,,,100 W KINZIE ST 3RD 300,Chicago,Il,60654,United States,,,City of Chicago Open Data,https://data.cityofchicago.org/resource/r5kz-chrr.json,2026-06-30,Provide Advertising or Marketing Services,False,False,False,False,"11 Dollar Bill, Llc",similar name and same city
"12 Interactive, Llc",Digital Marketing Agency,,,,222 W MERCHANDISE MART PLZ  1132,Chicago,Il,60654,United States,,,City of Chicago Open Data,https://data.cityofchicago.org/resource/r5kz-chrr.json,2026-06-30,Provide Advertising or Marketing Services,False,False,False,False,"12 Interactive, Llc",similar name and same city
"12 Interactive, Llc",Digital Marketing Agency,,,,216 W OHIO ST 4,Chicago,Il,60654,United States,,,City of Chicago Open Data,https://data.cityofchicago.org/resource/r5kz-chrr.json,2026-06-30,Provide Graphic Design and Consultation Services | Provide Advertising or Marketing Services | Virtual Office | Provide Computer Design/Development Consulting,False,False,False,False,"12 Interactive, Llc",similar name and same city
"270 Strategies, Llc",Digital Marketing Agency,,,,1425 W FLETCHER ST,Chicago,Il,60657,United States,,,City of Chicago Open Data,https://data.cityofchicago.org/resource/r5kz-chrr.json,2026-06-30,Marketing / Advertising / Public Relations (Home Based Business) | Media Consulting (Home Based Business),False,False,False,False,"270 Strategies, Llc",similar name and same city
2714 Events LLC,Digital Marketing Agency,,,,2714 W NORTH AVE,Chicago,Il,60647,United States,,,City of Chicago Open Data,https://data.cityofchicago.org/resource/r5kz-chrr.json,2026-06-30,Provide Advertising or Marketing Services,False,False,False,False,2714 Events LLC,similar name and same city
"311 West Monroe Location, Llc",Digital Marketing Agency,,,,311 W MONROE ST 5 5,Chicago,Il,60606,United States,,,City of Chicago Open Data,https://data.cityofchicago.org/resource/r5kz-chrr.json,2026-06-30,Operation of an Administrative Commercial Office | Provide Advertising or Marketing Services | Miscellaneous Commercial Services,False,False,False,False,"311 West Monroe Location, Llc",similar name and same city
"311 West Monroe Location, Llc",Digital Marketing Agency,,,,311 W MONROE ST 5 5,Chicago,Il,60606,United States,,,City of Chicago Open Data,https://data.cityofchicago.org/resource/r5kz-chrr.json,2026-06-30,Operation of an Administrative Commercial Office | Provide Advertising or Marketing Services | Miscellaneous Commercial Services,False,False,False,False,"311 West Monroe Location, Llc",similar name and same city
"311 West Monroe Location, Llc",Digital Marketing Agency,,,,311 W MONROE ST 5 5,Chicago,Il,60606,United States,,,City of Chicago Open Data,https://data.cityofchicago.org/resource/r5kz-chrr.json,2026-06-30,Operation of an Administrative Commercial Office | Provide Advertising or Marketing Services | Miscellaneous Commercial Services,False,False,False,False,"311 West Monroe Location, Llc",similar name and same city
332 S Michigan Tenant Llc,Digital Marketing Agency,,,,332 S MICHIGAN AVE,Chicago,Il,60604,United States,,,City of Chicago Open Data,https://data.cityofchicago.org/resource/r5kz-chrr.json,2026-06-30,Operation of an Administrative Commercial Office | Provide Business and Management Consulting | Provide Advertising or Marketing Services,False,False,False,False,332 S Michigan Tenant Llc,similar name and same city
332 S Michigan Tenant Llc,Digital Marketing Agency,,,,332 S MICHIGAN AVE,Chicago,Il,60604,United States,,,City of Chicago Open Data,https://data.cityofchicago.org/resource/r5kz-chrr.json,2026-06-30,Operation of an Administrative Commercial Office | Provide Business and Management Consulting | Provide Advertising or Marketing Services,False,False,False,False,332 S Michigan Tenant Llc,similar name and same city
360 Training.Com Inc,Digital Marketing Agency,,,,6504  BRIDGE POINT PARKWAY   100,Austin,Tx,78730,United States,,,City of Chicago Open Data,https://data.cityofchicago.org/resource/r5kz-chrr.json,2026-06-30,Provide Advertising or Marketing Services,False,False,False,False,360 Training.Com Inc,similar name and same city
"4835 Studios, Inc.",Digital Marketing Agency,,,,4835 N ELSTON AVE 1 100,Chicago,Il,60630,United States,,,City of Chicago Open Data,https://data.cityofchicago.org/resource/r5kz-chrr.json,2026-06-30,Provide Business and Management Consulting | Provide Graphic Design and Consultation Services | Provide Advertising or Marketing Services | Provide Computer Design/Development Consulting,False,False,False,False,"4835 Studios, Inc.",similar name and same city
"4835 Studios, Inc.",Digital Marketing Agency,,,,4835 N ELSTON AVE 1 100,Chicago,Il,60630,United States,,,City of Chicago Open Data,https://data.cityofchicago.org/resource/r5kz-chrr.json,2026-06-30,Provide Business and Management Consulting | Provide Graphic Design and Consultation Services | Provide Advertising or Marketing Services | Provide Computer Design/Development Consulting,False,False,False,False,"4835 Studios, Inc.",similar name and same city
"4835 Studios, Inc.",Digital Marketing Agency,,,,4835 N ELSTON AVE 1 100,Chicago,Il,60630,United States,,,City of Chicago Open Data,https://data.cityofchicago.org/resource/r5kz-chrr.json,2026-06-30,Provide Business and Management Consulting | Provide Graphic Design and Consultation Services | Provide Advertising or Marketing Services | Provide Computer Design/Development Consulting,False,False,False,False,"4835 Studios, Inc.",similar name and same city
"4835 Studios, Inc.",Digital Marketing Agency,,,,4835 N ELSTON AVE 1 100,Chicago,Il,60630,United States,,,City of Chicago Open Data,https://data.cityofchicago.org/resource/r5kz-chrr.json,2026-06-30,Provide Business and Management Consulting | Provide Graphic Design and Consultation Services | Provide Advertising or Marketing Services | Provide Computer Design/Development Consulting,False,False,False,False,"4835 Studios, Inc.",similar name and same city
"4Management, Inc.",Digital Marketing Agency,,,,2150 S CANALPORT AVE  2A-1,Chicago,Il,60608,United States,,,City of Chicago Open Data,https://data.cityofchicago.org/resource/r5kz-chrr.json,2026-06-30,Provide Graphic Design and Consultation Services | Provide Advertising or Marketing Services,False,False,False,False,"4Management, Inc.",similar name and same city
"7HL Flora Merchants, LLC",Digital Marketing Agency,,,,4256 N RAVENSWOOD AVE 1 106,Chicago,Il,60613,United States,,,City of Chicago Open Data,https://data.cityofchicago.org/resource/r5kz-chrr.json,2026-06-30,Provide Business and Management Consulting | Provide Graphic Design and Consultation Services | Provide Advertising or Marketing Services,False,False,False,False,"7HL Flora Merchants, LLC",similar name and same city
"84.51, Llc.",Digital Marketing Agency,,,,433 W VAN BUREN ST 6 6105,Chicago,Il,60607,United States,,,City of Chicago Open Data,https://data.cityofchicago.org/resource/r5kz-chrr.json,2026-06-30,Provide Advertising or Marketing Services | Provide Computer Design/Development Consulting,False,False,False,False,"84.51, Llc.",similar name and same city
"88 Brand Partners, Inc.",Digital Marketing Agency,,,,542 S DEARBORN ST 13 1300,Chicago,Il,60605,United States,,,City of Chicago Open Data,https://data.cityofchicago.org/resource/r5kz-chrr.json,2026-06-30,Provide Advertising or Marketing Services,False,False,False,False,"88 Brand Partners, Inc.",similar name and same city
"88 Brand Partners, Inc.",Digital Marketing Agency,,,,542 S DEARBORN ST 13 1300,Chicago,Il,60605,United States,,,City of Chicago Open Data,https://data.cityofchicago.org/resource/r5kz-chrr.json,2026-06-30,Provide Advertising or Marketing Services,False,False,False,False,"88 Brand Partners, Inc.",similar name and same city
"88 Brand Partners, Inc.",Digital Marketing Agency,,,,542 S DEARBORN ST 13 1300,Chicago,Il,60605,United States,,,City of Chicago Open Data,https://data.cityofchicago.org/resource/r5kz-chrr.json,2026-06-30,Provide Advertising or Marketing Services,False,False,False,False,"88 Brand Partners, Inc.",similar name and same city
"88 Brand Partners, Inc.",Digital Marketing Agency,,,,325 W HURON ST # 215,Chicago,Il,60610,United States,,,City of Chicago Open Data,https://data.cityofchicago.org/resource/r5kz-chrr.json,2026-06-30,Provide Advertising or Marketing Services,False,False,False,False,"88 Brand Partners, Inc.",similar name and same city
"88 Brand Partners, Inc.",Digital Marketing Agency,,,,542 S DEARBORN ST 13 1300,Chicago,Il,60605,United States,,,City of Chicago Open Data,https://data.cityofchicago.org/resource/r5kz-chrr.json,2026-06-30,Provide Advertising or Marketing Services,False,False,False,False,"88 Brand Partners, Inc.",similar name and same city
"88 Brand Partners, Inc.",Digital Marketing Agency,,,,542 S DEARBORN ST 13 1300,Chicago,Il,60605,United States,,,City of Chicago Open Data,https://data.cityofchicago.org/resource/r5kz-chrr.json,2026-06-30,Provide Advertising or Marketing Services,False,False,False,False,"88 Brand Partners, Inc.",similar name and same city
"88 Brand Partners, Inc.",Digital Marketing Agency,,,,542 S DEARBORN ST 13 1300,Chicago,Il,60605,United States,,,City of Chicago Open Data,https://data.cityofchicago.org/resource/r5kz-chrr.json,2026-06-30,Provide Advertising or Marketing Services,False,False,False,False,"88 Brand Partners, Inc.",similar name and same city
8looocky Corp,Digital Marketing Agency,,,,3925 W MONTROSE AVE 1 ST.,Chicago,Il,60618,United States,,,City of Chicago Open Data,https://data.cityofchicago.org/resource/r5kz-chrr.json,2026-06-30,Provide Business and Management Consulting | Provide Graphic Design and Consultation Services | Provide Advertising or Marketing Services | Provide Publishing Services | Retail Sales of General Merchandise and Non-Perishable Food | Virtual Office | Provide Computer Design/Development Consulting,False,False,False,False,8looocky Corp,similar name and same city
8looocky Corp,Digital Marketing Agency,,,,3925 W MONTROSE AVE 1 ST.,Chicago,Il,60618,United States,,,City of Chicago Open Data,https://data.cityofchicago.org/resource/r5kz-chrr.json,2026-06-30,Provide Business and Management Consulting | Provide Graphic Design and Consultation Services | Provide Advertising or Marketing Services | Provide Publishing Services | Retail Sales of General Merchandise and Non-Perishable Food | Virtual Office | Provide Computer Design/Development Consulting,False,False,False,False,8looocky Corp,similar name and same city
8looocky Corp,Digital Marketing Agency,,,,3925 W MONTROSE AVE 1 ST.,Chicago,Il,60618,United States,,,City of Chicago Open Data,https://data.cityofchicago.org/resource/r5kz-chrr.json,2026-06-30,Provide Business and Management Consulting | Provide Graphic Design and Consultation Services | Provide Advertising or Marketing Services | Provide Publishing Services | Retail Sales of General Merchandise and Non-Perishable Food | Provide Computer Design/Development Consulting,False,False,False,False,8looocky Corp,similar name and same city
8looocky Corp,Digital Marketing Agency,,,,3925 W MONTROSE AVE 1 ST.,Chicago,Il,60618,United States,,,City of Chicago Open Data,https://data.cityofchicago.org/resource/r5kz-chrr.json,2026-06-30,Provide Business and Management Consulting | Provide Graphic Design and Consultation Services | Provide Advertising or Marketing Services | Provide Publishing Services | Retail Sales of General Merchandise and Non-Perishable Food | Provide Computer Design/Development Consulting,False,False,False,False,8looocky Corp,similar name and same city
8looocky Corp,Digital Marketing Agency,,,,3925 W MONTROSE AVE 1 ST.,Chicago,Il,60618,United States,,,City of Chicago Open Data,https://data.cityofchicago.org/resource/r5kz-chrr.json,2026-06-30,Provide Business and Management Consulting | Provide Graphic Design and Consultation Services | Provide Advertising or Marketing Services | Provide Publishing Services | Retail Sales of General Merchandise and Non-Perishable Food | Provide Computer Design/Development Consulting,False,False,False,False,8looocky Corp,similar name and same city
8looocky Corp,Digital Marketing Agency,,,,3925 W MONTROSE AVE 1 ST.,Chicago,Il,60618,United States,,,City of Chicago Open Data,https://data.cityofchicago.org/resource/r5kz-chrr.json,2026-06-30,Provide Business and Management Consulting | Provide Graphic Design and Consultation Services | Provide Advertising or Marketing Services | Provide Publishing Services | Retail Sales of General Merchandise and Non-Perishable Food | Provide Computer Design/Development Consulting,False,False,False,False,8looocky Corp,similar name and same city
8Tiv Labs Corporation,Digital Marketing Agency,,,,1727 S INDIANA AVE 1ST G5,Chicago,Il,60616,United States,,,City of Chicago Open Data,https://data.cityofchicago.org/resource/r5kz-chrr.json,2026-06-30,Operation of an Administrative Commercial Office | Provide Graphic Design and Consultation Services | Provide Advertising or Marketing Services | Provide Computer Design/Development Consulting,False,False,False,False,8Tiv Labs Corporation,similar name and same city
8Tiv Labs Corporation,Digital Marketing Agency,,,,1727 S INDIANA AVE 1ST G5,Chicago,Il,60616,United States,,,City of Chicago Open Data,https://data.cityofchicago.org/resource/r5kz-chrr.json,2026-06-30,Operation of an Administrative Commercial Office | Provide Graphic Design and Consultation Services | Provide Advertising or Marketing Services | Provide Computer Design/Development Consulting,False,False,False,False,8Tiv Labs Corporation,similar name and same city
8Tiv Labs Corporation,Digital Marketing Agency,,,,1727 S INDIANA AVE 1ST G5,Chicago,Il,60616,United States,,,City of Chicago Open Data,https://data.cityofchicago.org/resource/r5kz-chrr.json,2026-06-30,Operation of an Administrative Commercial Office | Provide Graphic Design and Consultation Services | Provide Advertising or Marketing Services | Provide Computer Design/Development Consulting,False,False,False,False,8Tiv Labs Corporation,similar name and same city
8Tiv Labs Corporation,Digital Marketing Agency,,,,1727 S INDIANA AVE 1ST G5,Chicago,Il,60616,United States,,,City of Chicago Open Data,https://data.cityofchicago.org/resource/r5kz-chrr.json,2026-06-30,Operation of an Administrative Commercial Office | Provide Graphic Design and Consultation Services | Provide Advertising or Marketing Services | Provide Computer Design/Development Consulting,False,False,False,False,8Tiv Labs Corporation,similar name and same city
8Tiv Labs Corporation,Digital Marketing Agency,,,,1727 S INDIANA AVE 1ST G5,Chicago,Il,60616,United States,,,City of Chicago Open Data,https://data.cityofchicago.org/resource/r5kz-chrr.json,2026-06-30,Operation of an Administrative Commercial Office | Provide Graphic Design and Consultation Services | Provide Advertising or Marketing Services | Provide Computer Design/Development Consulting,False,False,False,False,8Tiv Labs Corporation,similar name and same city
A5 Corporation,Digital Marketing Agency,,,,757 N ORLEANS ST  UNIT 1103,Chicago,Il,60654,United States,,,City of Chicago Open Data,https://data.cityofchicago.org/resource/r5kz-chrr.json,2026-06-30,Interior Design / Consulting Services (Home Based Business) | Marketing / Advertising / Public Relations (Home Based Business) | Professional Consulting (Home Based Business) | Other Home Based Businesses,False,False,False,False,A5 Corporation,similar name and same city
A5 Corporation,Digital Marketing Agency,,,,100 E WALTON ST 34 34D,Chicago,Il,60611,United States,,,City of Chicago Open Data,https://data.cityofchicago.org/resource/r5kz-chrr.json,2026-06-30,Marketing / Advertising / Public Relations (Home Based Business) | Online Sales (Home Based Business),False,False,False,False,A5 Corporation,similar name and same city
"Abe Gt & Associates, Inc.",Digital Marketing Agency,,,,7823 S WESTERN AVE,Chicago,Il,60620,United States,,,City of Chicago Open Data,https://data.cityofchicago.org/resource/r5kz-chrr.json,2026-06-30,Provide Advertising or Marketing Services | Miscellaneous Commercial Services,False,False,False,False,"Abe Gt & Associates, Inc.",similar name and same city
"Abelson-Taylor, Inc.",Digital Marketing Agency,,,,433 W VAN BUREN ST 6N 650N,Chicago,Il,60607,United States,,,City of Chicago Open Data,https://data.cityofchicago.org/resource/r5kz-chrr.json,2026-06-30,Provide Advertising or Marketing Services,False,False,False,False,"Abelson-Taylor, Inc.",similar name and same city
"Abelson-Taylor, Inc.",Digital Marketing Agency,,,,433 W VAN BUREN ST 6N 650N,Chicago,Il,60607,United States,,,City of Chicago Open Data,https://data.cityofchicago.org/resource/r5kz-chrr.json,2026-06-30,Provide Advertising or Marketing Services,False,False,False,False,"Abelson-Taylor, Inc.",similar name and same city
"Abelson-Taylor, Inc.",Digital Marketing Agency,,,,433 W VAN BUREN ST 6N 650N,Chicago,Il,60607,United States,,,City of Chicago Open Data,https://data.cityofchicago.org/resource/r5kz-chrr.json,2026-06-30,Provide Advertising or Marketing Services,False,False,False,False,"Abelson-Taylor, Inc.",similar name and same city
Abira Security Corporation,Digital Marketing Agency,,,,941  PLEASANT LN,Glenview,Il,60025,United States,,,City of Chicago Open Data,https://data.cityofchicago.org/resource/r5kz-chrr.json,2026-06-30,Provide Advertising or Marketing Services,False,False,False,False,Abira Security Corporation,similar name and same city
"Ab Production Ii, Llc",Digital Marketing Agency,,,,6928 S EBERHART AVE 1,Chicago,Il,60637,United States,,,City of Chicago Open Data,https://data.cityofchicago.org/resource/r5kz-chrr.json,2026-06-30,Marketing / Advertising / Public Relations (Home Based Business),False,False,False,False,"Ab Production Ii, Llc",similar name and same city
"Accent Marketing, Inc.",Digital Marketing Agency,,,,2659 N WAYNE AVE  D,Chicago,Il,60614,United States,,,City of Chicago Open Data,https://data.cityofchicago.org/resource/r5kz-chrr.json,2026-06-30,"Graphic Design (Home Based Business) | Marketing / Advertising / Public Relations (Home Based Business) | Photographer, Portrait Artist, Videographer (Home Based Business)",False,False,False,False,"Accent Marketing, Inc.",similar name and same city
"Action Marketing Group, Inc.",Digital Marketing Agency,,,,1447 N CLEVELAND AVE GROUND F,Chicago,Il,60610,United States,,,City of Chicago Open Data,https://data.cityofchicago.org/resource/r5kz-chrr.json,2026-06-30,Marketing / Advertising / Public Relations (Home Based Business),False,False,False,False,"Action Marketing Group, Inc.",similar name and same city
"Action Marketing Group, Inc.",Digital Marketing Agency,,,,1447 N CLEVELAND AVE GROUND F,Chicago,Il,60610,United States,,,City of Chicago Open Data,https://data.cityofchicago.org/resource/r5kz-chrr.json,2026-06-30,Marketing / Advertising / Public Relations (Home Based Business),False,False,False,False,"Action Marketing Group, Inc.",similar name and same city
"ActiveCampaign, LLC",Digital Marketing Agency,,,,1 N DEARBORN ST FIFTH,Chicago,Il,60602,United States,,,City of Chicago Open Data,https://data.cityofchicago.org/resource/r5kz-chrr.json,2026-06-30,Provide Business and Management Consulting | Provide Advertising or Marketing Services | Provide Computer Design/Development Consulting,False,False,False,False,"ActiveCampaign, LLC",similar name and same city
"ActiveCampaign, LLC",Digital Marketing Agency,,,,1 N DEARBORN ST FIFTH,Chicago,Il,60602,United States,,,City of Chicago Open Data,https://data.cityofchicago.org/resource/r5kz-chrr.json,2026-06-30,Provide Business and Management Consulting | Provide Advertising or Marketing Services | Provide Computer Design/Development Consulting,False,False,False,False,"ActiveCampaign, LLC",similar name and same city
"ActiveCampaign, LLC",Digital Marketing Agency,,,,1 N DEARBORN ST FIFTH,Chicago,Il,60602,United States,,,City of Chicago Open Data,https://data.cityofchicago.org/resource/r5kz-chrr.json,2026-06-30,Provide Business and Management Consulting | Provide Advertising or Marketing Services | Provide Computer Design/Development Consulting,False,False,False,False,"ActiveCampaign, LLC",similar name and same city
"ActiveCampaign, LLC",Digital Marketing Agency,,,,1 N DEARBORN ST FIFTH,Chicago,Il,60602,United States,,,City of Chicago Open Data,https://data.cityofchicago.org/resource/r5kz-chrr.json,2026-06-30,Provide Business and Management Consulting | Provide Advertising or Marketing Services | Provide Computer Design/Development Consulting,False,False,False,False,"ActiveCampaign, LLC",similar name and same city
"Acts-Aviation Security, Inc.",Digital Marketing Agency,,,,2700 S RIVER RD 2 211,Des Plaines,Il,60018,United States,,,City of Chicago Open Data,https://data.cityofchicago.org/resource/r5kz-chrr.json,2026-06-30,Provide Advertising or Marketing Services,False,False,False,False,"Acts-Aviation Security, Inc.",similar name and same city
"Adpt Productions, Llc",Digital Marketing Agency,,,,1917 N ELSTON AVE 1ST,Chicago,Il,60642,United States,,,City of Chicago Open Data,https://data.cityofchicago.org/resource/r5kz-chrr.json,2026-06-30,Provide Advertising or Marketing Services,False,False,False,False,"Adpt Productions, Llc",similar name and same city
"A. Eicoff & Company, Inc.",Digital Marketing Agency,,,,333 N GREEN ST,Chicago,Il,60607,United States,,,City of Chicago Open Data,https://data.cityofchicago.org/resource/r5kz-chrr.json,2026-06-30,Provide Advertising or Marketing Services,False,False,False,False,"A. Eicoff & Company, Inc.",similar name and same city
"A. Eicoff & Company, Inc.",Digital Marketing Agency,,,,333 N GREEN ST,Chicago,Il,60607,United States,,,City of Chicago Open Data,https://data.cityofchicago.org/resource/r5kz-chrr.json,2026-06-30,Provide Advertising or Marketing Services,False,False,False,False,"A. Eicoff & Company, Inc.",similar name and same city
"A. Eicoff & Company, Inc.",Digital Marketing Agency,,,,333 N GREEN ST,Chicago,Il,60607,United States,,,City of Chicago Open Data,https://data.cityofchicago.org/resource/r5kz-chrr.json,2026-06-30,Provide Advertising or Marketing Services,False,False,False,False,"A. Eicoff & Company, Inc.",similar name and same city
"Agg Consulting, Inc",Digital Marketing Agency,,,,2417 W LUNT AVE 2ND 2W,Chicago,Il,60645,United States,,,City of Chicago Open Data,https://data.cityofchicago.org/resource/r5kz-chrr.json,2026-06-30,Marketing / Advertising / Public Relations (Home Based Business) | Professional Consulting (Home Based Business),False,False,False,False,"Agg Consulting, Inc",similar name and same city
"Agg Consulting, Inc",Digital Marketing Agency,,,,2417 W LUNT AVE 2ND 2W,Chicago,Il,60645,United States,,,City of Chicago Open Data,https://data.cityofchicago.org/resource/r5kz-chrr.json,2026-06-30,Marketing / Advertising / Public Relations (Home Based Business) | Professional Consulting (Home Based Business),False,False,False,False,"Agg Consulting, Inc",similar name and same city
"Agg Consulting, Inc",Digital Marketing Agency,,,,2417 W LUNT AVE 2ND 2W,Chicago,Il,60645,United States,,,City of Chicago Open Data,https://data.cityofchicago.org/resource/r5kz-chrr.json,2026-06-30,Marketing / Advertising / Public Relations (Home Based Business) | Professional Consulting (Home Based Business),False,False,False,False,"Agg Consulting, Inc",similar name and same city
"Agg Consulting, Inc",Digital Marketing Agency,,,,2417 W LUNT AVE 2ND 2W,Chicago,Il,60645,United States,,,City of Chicago Open Data,https://data.cityofchicago.org/resource/r5kz-chrr.json,2026-06-30,Marketing / Advertising / Public Relations (Home Based Business) | Professional Consulting (Home Based Business),False,False,False,False,"Agg Consulting, Inc",similar name and same city
"Agora, Inc",Digital Marketing Agency,,,,3920 N LAKE SHORE DR 6 6-S,Chicago,Il,60613,United States,,,City of Chicago Open Data,https://data.cityofchicago.org/resource/r5kz-chrr.json,2026-06-30,Marketing / Advertising / Public Relations (Home Based Business) | Other Home Based Businesses,False,False,False,False,"Agora, Inc",similar name and same city
"Agora, Inc",Digital Marketing Agency,,,,3920 N LAKE SHORE DR 6 6-S,Chicago,Il,60613,United States,,,City of Chicago Open Data,https://data.cityofchicago.org/resource/r5kz-chrr.json,2026-06-30,Marketing / Advertising / Public Relations (Home Based Business) | Other Home Based Businesses,False,False,False,False,"Agora, Inc",similar name and same city
"Agora, Inc",Digital Marketing Agency,,,,3920 N LAKE SHORE DR 6 6-S,Chicago,Il,60613,United States,,,City of Chicago Open Data,https://data.cityofchicago.org/resource/r5kz-chrr.json,2026-06-30,Marketing / Advertising / Public Relations (Home Based Business) | Other Home Based Businesses,False,False,False,False,"Agora, Inc",similar name and same city
Akamai Virtual Solutions Inc,Digital Marketing Agency,,,,2530 W MORSE AVE,Chicago,Il,60645,United States,,,City of Chicago Open Data,https://data.cityofchicago.org/resource/r5kz-chrr.json,2026-06-30,Graphic Design (Home Based Business) | Marketing / Advertising / Public Relations (Home Based Business) | Professional Consulting (Home Based Business) | Other Home Based Businesses | Telephone Answering Service (Home Based Business),False,False,False,False,Akamai Virtual Solutions Inc,similar name and same city
Aka Media Inc.,Digital Marketing Agency,,,,171 N ABERDEEN ST 5 500,Chicago,Il,60607,United States,,,City of Chicago Open Data,https://data.cityofchicago.org/resource/r5kz-chrr.json,2026-06-30,Provide Advertising or Marketing Services,False,False,False,False,Aka Media Inc.,similar name and same city
Aka Media Inc.,Digital Marketing Agency,,,,171 N ABERDEEN ST 5 500,Chicago,Il,60607,United States,,,City of Chicago Open Data,https://data.cityofchicago.org/resource/r5kz-chrr.json,2026-06-30,Provide Advertising or Marketing Services,False,False,False,False,Aka Media Inc.,similar name and same city
A La Carte Media Consulting Llc,Digital Marketing Agency,,,,3220 W MCLEAN AVE 1FL,Chicago,Il,60647,United States,,,City of Chicago Open Data,https://data.cityofchicago.org/resource/r5kz-chrr.json,2026-06-30,Marketing / Advertising / Public Relations (Home Based Business) | Media Consulting (Home Based Business),False,False,False,False,A La Carte Media Consulting Llc,similar name and same city
Alan Joseph Productions Llc,Digital Marketing Agency,,,,5320 N SHERIDAN RD  2509,Chicago,Il,60640,United States,,,City of Chicago Open Data,https://data.cityofchicago.org/resource/r5kz-chrr.json,2026-06-30,"Computer Consulting Services / Computer Automated Design (Home Based Business) | Graphic Design (Home Based Business) | Marketing / Advertising / Public Relations (Home Based Business) | Other Home Based Businesses | Photographer, Portrait Artist, Videographer (Home Based Business)",False,False,False,False,Alan Joseph Productions Llc,similar name and same city
Alan Joseph Productions Llc,Digital Marketing Agency,,,,5320 N SHERIDAN RD  2509,Chicago,Il,60640,United States,,,City of Chicago Open Data,https://data.cityofchicago.org/resource/r5kz-chrr.json,2026-06-30,"Computer Consulting Services / Computer Automated Design (Home Based Business) | Graphic Design (Home Based Business) | Marketing / Advertising / Public Relations (Home Based Business) | Other Home Based Businesses | Photographer, Portrait Artist, Videographer (Home Based Business)",False,False,False,False,Alan Joseph Productions Llc,similar name and same city
Alan Joseph Productions Llc,Digital Marketing Agency,,,,5320 N SHERIDAN RD  2509,Chicago,Il,60640,United States,,,City of Chicago Open Data,https://data.cityofchicago.org/resource/r5kz-chrr.json,2026-06-30,"Computer Consulting Services / Computer Automated Design (Home Based Business) | Graphic Design (Home Based Business) | Marketing / Advertising / Public Relations (Home Based Business) | Other Home Based Businesses | Photographer, Portrait Artist, Videographer (Home Based Business)",False,False,False,False,Alan Joseph Productions Llc,similar name and same city
Alario Media Llc.,Digital Marketing Agency,,,,831 S LAFLIN ST,Chicago,Il,60607,United States,,,City of Chicago Open Data,https://data.cityofchicago.org/resource/r5kz-chrr.json,2026-06-30,Marketing / Advertising / Public Relations (Home Based Business) | Media Consulting (Home Based Business),False,False,False,False,Alario Media Llc.,similar name and same city
Alario Media Llc.,Digital Marketing Agency,,,,831 S LAFLIN ST,Chicago,Il,60607,United States,,,City of Chicago Open Data,https://data.cityofchicago.org/resource/r5kz-chrr.json,2026-06-30,Marketing / Advertising / Public Relations (Home Based Business) | Media Consulting (Home Based Business),False,False,False,False,Alario Media Llc.,similar name and same city
Alchemy Chicago LLC,Digital Marketing Agency,,,,3437 N KEDVALE AVE 1,Chicago,Il,60641,United States,,,City of Chicago Open Data,https://data.cityofchicago.org/resource/r5kz-chrr.json,2026-06-30,Provide Advertising or Marketing Services,False,False,False,False,Alchemy Chicago LLC,similar name and same city
Alchemy Chicago LLC,Digital Marketing Agency,,,,3437 N KEDVALE AVE 1,Chicago,Il,60641,United States,,,City of Chicago Open Data,https://data.cityofchicago.org/resource/r5kz-chrr.json,2026-06-30,Provide Advertising or Marketing Services,False,False,False,False,Alchemy Chicago LLC,similar name and same city
Alchemy Chicago LLC,Digital Marketing Agency,,,,3437 N KEDVALE AVE 1,Chicago,Il,60641,United States,,,City of Chicago Open Data,https://data.cityofchicago.org/resource/r5kz-chrr.json,2026-06-30,Provide Advertising or Marketing Services,False,False,False,False,Alchemy Chicago LLC,similar name and same city
Alchemy Shout Llc,Digital Marketing Agency,,,,3437 N KEDVALE AVE 1,Chicago,Il,60641,United States,,,City of Chicago Open Data,https://data.cityofchicago.org/resource/r5kz-chrr.json,2026-06-30,Provide Advertising or Marketing Services,False,False,False,False,Alchemy Shout Llc,similar name and same city
Alchemy Shout Llc,Digital Marketing Agency,,,,3437 N KEDVALE AVE 1,Chicago,Il,60641,United States,,,City of Chicago Open Data,https://data.cityofchicago.org/resource/r5kz-chrr.json,2026-06-30,Provide Advertising or Marketing Services,False,False,False,False,Alchemy Shout Llc,similar name and same city
All Campus Llc,Digital Marketing Agency,,,,500 W MADISON ST  2900,Chicago,Il,60661,United States,,,City of Chicago Open Data,https://data.cityofchicago.org/resource/r5kz-chrr.json,2026-06-30,Provide Advertising or Marketing Services,False,False,False,False,All Campus Llc,similar name and same city
All Campus Llc,Digital Marketing Agency,,,,227 W MONROE ST  #2100,Chicago,Il,60606,United States,,,City of Chicago Open Data,https://data.cityofchicago.org/resource/r5kz-chrr.json,2026-06-30,Provide Advertising or Marketing Services,False,False,False,False,All Campus Llc,similar name and same city
All Campus Llc,Digital Marketing Agency,,,,500 W MADISON ST  2900,Chicago,Il,60661,United States,,,City of Chicago Open Data,https://data.cityofchicago.org/resource/r5kz-chrr.json,2026-06-30,Provide Advertising or Marketing Services,False,False,False,False,All Campus Llc,similar name and same city
All Campus Llc,Digital Marketing Agency,,,,20 N CLARK ST 33RD 3300,Chicago,Il,60602,United States,,,City of Chicago Open Data,https://data.cityofchicago.org/resource/r5kz-chrr.json,2026-06-30,Provide Advertising or Marketing Services,False,False,False,False,All Campus Llc,similar name and same city
Alliantgroup Lp,Digital Marketing Agency,,,,311 S WACKER DR 23 2380,Chicago,Il,60606,United States,,,City of Chicago Open Data,https://data.cityofchicago.org/resource/r5kz-chrr.json,2026-06-30,Provide Advertising or Marketing Services,False,False,False,False,Alliantgroup Lp,similar name and same city
Allied Advertising Limited Partnership,Digital Marketing Agency,,,,500 N MICHIGAN AVE  700,Chicago,Il,60611,United States,,,City of Chicago Open Data,https://data.cityofchicago.org/resource/r5kz-chrr.json,2026-06-30,Provide Advertising or Marketing Services,False,False,False,False,Allied Advertising Limited Partnership,similar name and same city
Allied Advertising Limted Partnership,Digital Marketing Agency,,,,515 N STATE ST  1000,Chicago,Il,60654,United States,,,City of Chicago Open Data,https://data.cityofchicago.org/resource/r5kz-chrr.json,2026-06-30,Provide Advertising or Marketing Services,False,False,False,False,Allied Advertising Limited Partnership,similar name and same city
"Alligator Records & Artist Management, Inc.",Digital Marketing Agency,,,,1441 W DEVON AVE 1-3,Chicago,Il,60660,United States,,,City of Chicago Open Data,https://data.cityofchicago.org/resource/r5kz-chrr.json,2026-06-30,Provide Advertising or Marketing Services,False,False,False,False,"Alligator Records & Artist Management, Inc.",similar name and same city
"Alligator Records & Artist Management, Inc.",Digital Marketing Agency,,,,1441 W DEVON AVE 1-3,Chicago,Il,60660,United States,,,City of Chicago Open Data,https://data.cityofchicago.org/resource/r5kz-chrr.json,2026-06-30,Provide Advertising or Marketing Services,False,False,False,False,"Alligator Records & Artist Management, Inc.",similar name and same city
"Alligator Records & Artist Management, Inc.",Digital Marketing Agency,,,,1441 W DEVON AVE 1-3,Chicago,Il,60660,United States,,,City of Chicago Open Data,https://data.cityofchicago.org/resource/r5kz-chrr.json,2026-06-30,Provide Advertising or Marketing Services,False,False,False,False,"Alligator Records & Artist Management, Inc.",similar name and same city
"Alligator Records & Artist Management, Inc.",Digital Marketing Agency,,,,1441 W DEVON AVE 1-3,Chicago,Il,60660,United States,,,City of Chicago Open Data,https://data.cityofchicago.org/resource/r5kz-chrr.json,2026-06-30,Provide Advertising or Marketing Services,False,False,False,False,"Alligator Records & Artist Management, Inc.",similar name and same city
"Alligator Records & Artist Management, Inc.",Digital Marketing Agency,,,,1441 W DEVON AVE 1-3,Chicago,Il,60660,United States,,,City of Chicago Open Data,https://data.cityofchicago.org/resource/r5kz-chrr.json,2026-06-30,Provide Advertising or Marketing Services,False,False,False,False,"Alligator Records & Artist Management, Inc.",similar name and same city
"Alligator Records & Artist Management, Inc.",Digital Marketing Agency,,,,1441 W DEVON AVE 1-3,Chicago,Il,60660,United States,,,City of Chicago Open Data,https://data.cityofchicago.org/resource/r5kz-chrr.json,2026-06-30,Provide Advertising or Marketing Services,False,False,False,False,"Alligator Records & Artist Management, Inc.",similar name and same city
Allsteel Inc.,Digital Marketing Agency,,,,345 N MORGAN ST 3RD,Chicago,Il,60607,United States,,,City of Chicago Open Data,https://data.cityofchicago.org/resource/r5kz-chrr.json,2026-06-30,Provide Advertising or Marketing Services,False,False,False,False,Allsteel Inc.,similar name and same city
Allsteel Inc.,Digital Marketing Agency,,,,345 N MORGAN ST 3RD,Chicago,Il,60607,United States,,,City of Chicago Open Data,https://data.cityofchicago.org/resource/r5kz-chrr.json,2026-06-30,Provide Advertising or Marketing Services,False,False,False,False,Allsteel Inc.,similar name and same city
"Aman It Consulting, Inc.",Digital Marketing Agency,,,,3052 W DEVON AVE 1ST,Chicago,Il,60659,United States,,,City of Chicago Open Data,https://data.cityofchicago.org/resource/r5kz-chrr.json,2026-06-30,Operation of an Administrative Commercial Office | Provide Advertising or Marketing Services | Web / Software Development,False,False,False,False,"Aman It Consulting, Inc.",similar name and same city
American Marketing Association,Digital Marketing Agency,,,,311 S WACKER DR 58TH/59TH 5800,Chicago,Il,60606,United States,,,City of Chicago Open Data,https://data.cityofchicago.org/resource/r5kz-chrr.json,2026-06-30,Provide Advertising or Marketing Services,False,False,False,False,American Marketing Association,similar name and same city
American Marketing Association,Digital Marketing Agency,,,,130 E RANDOLPH ST 22,Chicago,Il,60601,United States,,,City of Chicago Open Data,https://data.cityofchicago.org/resource/r5kz-chrr.json,2026-06-30,Operation of an Administrative Commercial Office | Provide Advertising or Marketing Services,False,False,False,False,American Marketing Association,similar name and same city
American Marketing Association,Digital Marketing Agency,,,,130 E RANDOLPH ST 22,Chicago,Il,60601,United States,,,City of Chicago Open Data,https://data.cityofchicago.org/resource/r5kz-chrr.json,2026-06-30,Operation of an Administrative Commercial Office | Provide Advertising or Marketing Services,False,False,False,False,American Marketing Association,similar name and same city
"American Marketing Services,",Digital Marketing Agency,,,,527 S WELLS ST  400,Chicago,Il,60607,United States,,,City of Chicago Open Data,https://data.cityofchicago.org/resource/r5kz-chrr.json,2026-06-30,Provide Advertising or Marketing Services,False,False,False,False,"American Marketing Services,",similar name and same city
"American Marketing Services,",Digital Marketing Agency,,,,527 S WELLS ST  400,Chicago,Il,60607,United States,,,City of Chicago Open Data,https://data.cityofchicago.org/resource/r5kz-chrr.json,2026-06-30,Provide Advertising or Marketing Services,False,False,False,False,"American Marketing Services,",similar name and same city
"American Marketing Services,",Digital Marketing Agency,,,,527 S WELLS ST  400,Chicago,Il,60607,United States,,,City of Chicago Open Data,https://data.cityofchicago.org/resource/r5kz-chrr.json,2026-06-30,Provide Advertising or Marketing Services,False,False,False,False,"American Marketing Services,",similar name and same city
"American Marketing Services,",Digital Marketing Agency,,,,527 S WELLS ST  400,Chicago,Il,60607,United States,,,City of Chicago Open Data,https://data.cityofchicago.org/resource/r5kz-chrr.json,2026-06-30,Provide Advertising or Marketing Services,False,False,False,False,"American Marketing Services,",similar name and same city
"American Marketing Services,",Digital Marketing Agency,,,,527 S WELLS ST  400,Chicago,Il,60607,United States,,,City of Chicago Open Data,https://data.cityofchicago.org/resource/r5kz-chrr.json,2026-06-30,Provide Advertising or Marketing Services,False,False,False,False,"American Marketing Services,",similar name and same city
"American Marketing Services,",Digital Marketing Agency,,,,527 S WELLS ST  400,Chicago,Il,60607,United States,,,City of Chicago Open Data,https://data.cityofchicago.org/resource/r5kz-chrr.json,2026-06-30,Provide Advertising or Marketing Services,False,False,False,False,"American Marketing Services,",similar name and same city
"American Marketing Services,",Digital Marketing Agency,,,,527 S WELLS ST  400,Chicago,Il,60607,United States,,,City of Chicago Open Data,https://data.cityofchicago.org/resource/r5kz-chrr.json,2026-06-30,Provide Advertising or Marketing Services,False,False,False,False,"American Marketing Services,",similar name and same city
American Mass Media Corporation,Digital Marketing Agency,,,,400 E RANDOLPH ST 2ND 2A,Chicago,Il,60601,United States,,,City of Chicago Open Data,https://data.cityofchicago.org/resource/r5kz-chrr.json,2026-06-30,Provide Advertising or Marketing Services,False,False,False,False,American Mass Media Corporation,similar name and same city
American Mass Media Corporation,Digital Marketing Agency,,,,400 E RANDOLPH ST 2ND 2A,Chicago,Il,60601,United States,,,City of Chicago Open Data,https://data.cityofchicago.org/resource/r5kz-chrr.json,2026-06-30,Provide Advertising or Marketing Services,False,False,False,False,American Mass Media Corporation,similar name and same city
Amy Falk,Digital Marketing Agency,,,,1120 W BELMONT AVE 1ST,Chicago,Il,60657,United States,,,City of Chicago Open Data,https://data.cityofchicago.org/resource/r5kz-chrr.json,2026-06-30,Operation of an Administrative Commercial Office | Provide Advertising or Marketing Services,False,False,False,False,Amy Falk,similar name and same city
"Andrea Harney Marketing & Photography, LLC",Digital Marketing Agency,,,,4832 N CLAREMONT AVE,Chicago,Il,60625,United States,,,City of Chicago Open Data,https://data.cityofchicago.org/resource/r5kz-chrr.json,2026-06-30,"Marketing / Advertising / Public Relations (Home Based Business) | Photographer, Portrait Artist, Videographer (Home Based Business)",False,False,False,False,"Andrea Harney Marketing & Photography, LLC",similar name and same city
"Andrea Harney Marketing & Photography, LLC",Digital Marketing Agency,,,,4832 N CLAREMONT AVE,Chicago,Il,60625,United States,,,City of Chicago Open Data,https://data.cityofchicago.org/resource/r5kz-chrr.json,2026-06-30,"Marketing / Advertising / Public Relations (Home Based Business) | Photographer, Portrait Artist, Videographer (Home Based Business)",False,False,False,False,"Andrea Harney Marketing & Photography, LLC",similar name and same city
Angelflight Marketing Service Inc.,Digital Marketing Agency,,,,329 W 18TH ST 6 605,Chicago,Il,60616,United States,,,City of Chicago Open Data,https://data.cityofchicago.org/resource/r5kz-chrr.json,2026-06-30,Provide Business and Management Consulting | Provide Graphic Design and Consultation Services | Provide Advertising or Marketing Services,False,False,False,False,Angelflight Marketing Service Inc.,similar name and same city
Angelica Garcilazo,Digital Marketing Agency,,,,4326 S PULASKI RD,Chicago,Il,60632,United States,,,City of Chicago Open Data,https://data.cityofchicago.org/resource/r5kz-chrr.json,2026-06-30,Provide Advertising or Marketing Services | Operation of a Financial Services Commercial Office,False,False,False,False,Angelica Garcilazo,similar name and same city
Angelica Garcilazo,Digital Marketing Agency,,,,4326 S PULASKI RD,Chicago,Il,60632,United States,,,City of Chicago Open Data,https://data.cityofchicago.org/resource/r5kz-chrr.json,2026-06-30,Provide Advertising or Marketing Services | Operation of a Financial Services Commercial Office,False,False,False,False,Angelica Garcilazo,similar name and same city
Angelica Garcilazo,Digital Marketing Agency,,,,4326 S PULASKI RD,Chicago,Il,60632,United States,,,City of Chicago Open Data,https://data.cityofchicago.org/resource/r5kz-chrr.json,2026-06-30,Provide Advertising or Marketing Services | Operation of a Financial Services Commercial Office,False,False,False,False,Angelica Garcilazo,similar name and same city
Angstrom LLC,Digital Marketing Agency,,,,4455 S DR MARTIN LUTHER KING JR DR  101B,Chicago,Il,60653,United States,,,City of Chicago Open Data,https://data.cityofchicago.org/resource/r5kz-chrr.json,2026-06-30,Provide Business and Management Consulting | Provide Advertising or Marketing Services | Miscellaneous Commercial Services | Residential Construction / Minor Home Repair Services,False,False,False,False,Angstrom LLC,similar name and same city
Angstrom LLC,Digital Marketing Agency,,,,4455 S DR MARTIN LUTHER KING JR DR  101B,Chicago,Il,60653,United States,,,City of Chicago Open Data,https://data.cityofchicago.org/resource/r5kz-chrr.json,2026-06-30,Provide Business and Management Consulting | Provide Advertising or Marketing Services | Miscellaneous Commercial Services | Residential Construction / Minor Home Repair Services,False,False,False,False,Angstrom LLC,similar name and same city
Anylogic North America Llc,Digital Marketing Agency,,,,20 N WACKER DR 20TH 2044,Chicago,Il,60606,United States,,,City of Chicago Open Data,https://data.cityofchicago.org/resource/r5kz-chrr.json,2026-06-30,Provide Advertising or Marketing Services | Provide Computer Design/Development Consulting,False,False,False,False,Anylogic North America Llc,similar name and same city
"Apcero, Inc.",Digital Marketing Agency,,,,400 N MAY ST 3RD 301,Chicago,Il,60642,United States,,,City of Chicago Open Data,https://data.cityofchicago.org/resource/r5kz-chrr.json,2026-06-30,Provide Advertising or Marketing Services,False,False,False,False,"Apcero, Inc.",similar name and same city
"Apcero, Inc.",Digital Marketing Agency,,,,211 W WACKER DR  300 PMB,Chicago,Il,60606,United States,,,City of Chicago Open Data,https://data.cityofchicago.org/resource/r5kz-chrr.json,2026-06-30,Provide Graphic Design and Consultation Services | Provide Advertising or Marketing Services | Provide Computer Design/Development Consulting,False,False,False,False,"Apcero, Inc.",similar name and same city
"Apcero, Inc.",Digital Marketing Agency,,,,211 W WACKER DR  300 PMB,Chicago,Il,60606,United States,,,City of Chicago Open Data,https://data.cityofchicago.org/resource/r5kz-chrr.json,2026-06-30,Provide Graphic Design and Consultation Services | Provide Advertising or Marketing Services | Provide Computer Design/Development Consulting,False,False,False,False,"Apcero, Inc.",similar name and same city
"Apcero, Inc.",Digital Marketing Agency,,,,211 W WACKER DR  300 PMB,Chicago,Il,60606,United States,,,City of Chicago Open Data,https://data.cityofchicago.org/resource/r5kz-chrr.json,2026-06-30,Provide Graphic Design and Consultation Services | Provide Advertising or Marketing Services | Provide Computer Design/Development Consulting,False,False,False,False,"Apcero, Inc.",similar name and same city
"Apcero, Llc",Digital Marketing Agency,,,,208 S JEFFERSON ST 2 203,Chicago,Il,60661,United States,,,City of Chicago Open Data,https://data.cityofchicago.org/resource/r5kz-chrr.json,2026-06-30,Provide Advertising or Marketing Services,False,False,False,False,"Apcero, Llc",similar name and same city
"Apcero, Llc",Digital Marketing Agency,,,,208 S JEFFERSON ST 2 203,Chicago,Il,60661,United States,,,City of Chicago Open Data,https://data.cityofchicago.org/resource/r5kz-chrr.json,2026-06-30,Provide Advertising or Marketing Services,False,False,False,False,"Apcero, Llc",similar name and same city
"Appleone, Inc.",Digital Marketing Agency,,,,1701 E WOODFIELD RD  1115,Schaumburg,Il,60173,United States,,,City of Chicago Open Data,https://data.cityofchicago.org/resource/r5kz-chrr.json,2026-06-30,Provide Advertising or Marketing Services,False,False,False,False,"Appleone, Inc.",similar name and same city
Aprimo Us Llc,Digital Marketing Agency,,,,230 W MONROE ST 12 1200,Chicago,Il,60606,United States,,,City of Chicago Open Data,https://data.cityofchicago.org/resource/r5kz-chrr.json,2026-06-30,Provide Advertising or Marketing Services,False,False,False,False,Aprimo Us Llc,similar name and same city
"Apsiva, Inc.",Digital Marketing Agency,,,,505 N LA SALLE DR 3 300,Chicago,Il,60654,United States,,,City of Chicago Open Data,https://data.cityofchicago.org/resource/r5kz-chrr.json,2026-06-30,Provide Graphic Design and Consultation Services | Provide Advertising or Marketing Services | Provide Publishing Services | Provide Computer Design/Development Consulting,False,False,False,False,"Apsiva, Inc.",similar name and same city
"Apsiva, Inc.",Digital Marketing Agency,,,,5351 W LAWRENCE AVE 1,Chicago,Il,60630,United States,,,City of Chicago Open Data,https://data.cityofchicago.org/resource/r5kz-chrr.json,2026-06-30,Provide Advertising or Marketing Services | Provide Computer Design/Development Consulting,False,False,False,False,"Apsiva, Inc.",similar name and same city
"Armanino Solutions, Llc",Digital Marketing Agency,,,,12657  ALCOSTA BLVD  500,San Ramon,Ca,94583,United States,,,City of Chicago Open Data,https://data.cityofchicago.org/resource/r5kz-chrr.json,2026-06-30,Provide Advertising or Marketing Services,False,False,False,False,"Armanino Solutions, Llc",similar name and same city
"Armanino Solutions, Llc",Digital Marketing Agency,,,,12657  ALCOSTA BLVD  500,San Ramon,Ca,94583,United States,,,City of Chicago Open Data,https://data.cityofchicago.org/resource/r5kz-chrr.json,2026-06-30,Provide Advertising or Marketing Services,False,False,False,False,"Armanino Solutions, Llc",similar name and same city
Ashcraft Research Inc,Digital Marketing Agency,,,,333 N MICHIGAN AVE 6TH 601,Chicago,Il,60601,United States,,,City of Chicago Open Data,https://data.cityofchicago.org/resource/r5kz-chrr.json,2026-06-30,Provide Advertising or Marketing Services,False,False,False,False,Ashcraft Research Inc,similar name and same city
Ashcraft Research Inc,Digital Marketing Agency,,,,333 N MICHIGAN AVE 6TH 601,Chicago,Il,60601,United States,,,City of Chicago Open Data,https://data.cityofchicago.org/resource/r5kz-chrr.json,2026-06-30,Provide Advertising or Marketing Services,False,False,False,False,Ashcraft Research Inc,similar name and same city
Ashcraft Research Inc,Digital Marketing Agency,,,,333 N MICHIGAN AVE 6TH 601,Chicago,Il,60601,United States,,,City of Chicago Open Data,https://data.cityofchicago.org/resource/r5kz-chrr.json,2026-06-30,Provide Advertising or Marketing Services,False,False,False,False,Ashcraft Research Inc,similar name and same city
"A Toda Musica Tv, Inc.",Digital Marketing Agency,,,,2323 N KOSTNER AVE 1,Chicago,Il,60639,United States,,,City of Chicago Open Data,https://data.cityofchicago.org/resource/r5kz-chrr.json,2026-06-30,Marketing / Advertising / Public Relations (Home Based Business),False,False,False,False,"A Toda Musica Tv, Inc.",similar name and same city
"Attar Media Partners, Llc",Digital Marketing Agency,,,,1777 W ALTGELD ST GROUNDLEVEL B,Chicago,Il,60614,United States,,,City of Chicago Open Data,https://data.cityofchicago.org/resource/r5kz-chrr.json,2026-06-30,Marketing / Advertising / Public Relations (Home Based Business),False,False,False,False,"Attar Media Partners, Llc",similar name and same city
Avnacks Corporation,Digital Marketing Agency,,,,875 N MICHIGAN AVE 31 3100,Chicago,Il,60611,United States,,,City of Chicago Open Data,https://data.cityofchicago.org/resource/r5kz-chrr.json,2026-06-30,Operation of an Administrative Commercial Office | Provide Business and Management Consulting | Provide Advertising or Marketing Services | Provide Computer Design/Development Consulting | Enagage in Multi-Media Services,False,False,False,False,Avnacks Corporation,similar name and same city
Babito's Bites LLC,Digital Marketing Agency,,,,1728 W ESTES AVE 3 E,Chicago,Il,60626,United States,,,City of Chicago Open Data,https://data.cityofchicago.org/resource/r5kz-chrr.json,2026-06-30,Accounting / Tax Preparation (Home Based Business) | Marketing / Advertising / Public Relations (Home Based Business) | Professional Consulting (Home Based Business),False,False,False,False,Babito's Bites LLC,similar name and same city
Baf Consulting Services Llc,Digital Marketing Agency,,,,10401 S CHURCH ST,Chicago,Il,60643,United States,,,City of Chicago Open Data,https://data.cityofchicago.org/resource/r5kz-chrr.json,2026-06-30,Marketing / Advertising / Public Relations (Home Based Business) | Professional Consulting (Home Based Business),False,False,False,False,Baf Consulting Services Llc,similar name and same city
"BAF Packaging, LLC",Digital Marketing Agency,,,,9331 S BURNSIDE AVE 1ST,Chicago,Il,60619,United States,,,City of Chicago Open Data,https://data.cityofchicago.org/resource/r5kz-chrr.json,2026-06-30,Marketing / Advertising / Public Relations (Home Based Business) | Professional Consulting (Home Based Business),False,False,False,False,"BAF Packaging, LLC",similar name and same city
Bantu Entertainment,Digital Marketing Agency,,,,6146 S VERNON AVE 3,Chicago,Il,60637,United States,,,City of Chicago Open Data,https://data.cityofchicago.org/resource/r5kz-chrr.json,2026-06-30,Marketing / Advertising / Public Relations (Home Based Business),False,False,False,False,Bantu Entertainment,similar name and same city
Bantu Entertainment,Digital Marketing Agency,,,,6146 S VERNON AVE 3,Chicago,Il,60637,United States,,,City of Chicago Open Data,https://data.cityofchicago.org/resource/r5kz-chrr.json,2026-06-30,Marketing / Advertising / Public Relations (Home Based Business),False,False,False,False,Bantu Entertainment,similar name and same city
Bantu Entertainment,Digital Marketing Agency,,,,6146 S VERNON AVE 3,Chicago,Il,60637,United States,,,City of Chicago Open Data,https://data.cityofchicago.org/resource/r5kz-chrr.json,2026-06-30,Marketing / Advertising / Public Relations (Home Based Business),False,False,False,False,Bantu Entertainment,similar name and same city
Bantu Entertainment,Digital Marketing Agency,,,,6146 S VERNON AVE 3,Chicago,Il,60637,United States,,,City of Chicago Open Data,https://data.cityofchicago.org/resource/r5kz-chrr.json,2026-06-30,Marketing / Advertising / Public Relations (Home Based Business),False,False,False,False,Bantu Entertainment,similar name and same city
Bantu Entertainment,Digital Marketing Agency,,,,6146 S VERNON AVE 3,Chicago,Il,60637,United States,,,City of Chicago Open Data,https://data.cityofchicago.org/resource/r5kz-chrr.json,2026-06-30,Marketing / Advertising / Public Relations (Home Based Business),False,False,False,False,Bantu Entertainment,similar name and same city
"Barking Balconies, Llc",Digital Marketing Agency,,,,53 W JACKSON BLVD 9TH 950,Chicago,Il,60604,United States,,,City of Chicago Open Data,https://data.cityofchicago.org/resource/r5kz-chrr.json,2026-06-30,Operation of an Administrative Commercial Office | Provide Advertising or Marketing Services,False,False,False,False,"Barking Balconies, Llc",similar name and same city
"Bbk Enterprises, Llc",Digital Marketing Agency,,,,1200 N ASHLAND AVE  203,Chicago,Il,60622,United States,,,City of Chicago Open Data,https://data.cityofchicago.org/resource/r5kz-chrr.json,2026-06-30,Provide Advertising or Marketing Services,False,False,False,False,"Bbk Enterprises, Llc",similar name and same city
"Bbk Enterprises, Llc",Digital Marketing Agency,,,,1200 N ASHLAND AVE  203,Chicago,Il,60622,United States,,,City of Chicago Open Data,https://data.cityofchicago.org/resource/r5kz-chrr.json,2026-06-30,Provide Advertising or Marketing Services,False,False,False,False,"Bbk Enterprises, Llc",similar name and same city
BDavis Designs LLC,Digital Marketing Agency,,,,8349 S THROOP ST 1ST FLOOR,Chicago,Il,60620,United States,,,City of Chicago Open Data,https://data.cityofchicago.org/resource/r5kz-chrr.json,2026-06-30,Graphic Design (Home Based Business) | Marketing / Advertising / Public Relations (Home Based Business),False,False,False,False,BDavis Designs LLC,similar name and same city
BDavis Designs LLC,Digital Marketing Agency,,,,8349 S THROOP ST 1ST FLOOR,Chicago,Il,60620,United States,,,City of Chicago Open Data,https://data.cityofchicago.org/resource/r5kz-chrr.json,2026-06-30,Graphic Design (Home Based Business) | Marketing / Advertising / Public Relations (Home Based Business),False,False,False,False,BDavis Designs LLC,similar name and same city
Belen Cantiller,Digital Marketing Agency,,,,100 E WALTON ST 34TH 34H,Chicago,Il,60611,United States,,,City of Chicago Open Data,https://data.cityofchicago.org/resource/r5kz-chrr.json,2026-06-30,Marketing / Advertising / Public Relations (Home Based Business),False,False,False,False,Belen Cantiller,similar name and same city
"Best Bar Crawls, Llc",Digital Marketing Agency,,,,401 N MICHIGAN AVE  1200,Chicago,Il,60611,United States,,,City of Chicago Open Data,https://data.cityofchicago.org/resource/r5kz-chrr.json,2026-06-30,Provide Advertising or Marketing Services,False,False,False,False,"Best Bar Crawls, Llc",similar name and same city
"Best Bar Crawls, Llc",Digital Marketing Agency,,,,77 W WASHINGTON ST  900A,Chicago,Il,60602,United States,,,City of Chicago Open Data,https://data.cityofchicago.org/resource/r5kz-chrr.json,2026-06-30,Provide Advertising or Marketing Services,False,False,False,False,"Best Bar Crawls, Llc",similar name and same city
"Best Boat Cruises, Llc",Digital Marketing Agency,,,,401 N MICHIGAN AVE  1200,Chicago,Il,60611,United States,,,City of Chicago Open Data,https://data.cityofchicago.org/resource/r5kz-chrr.json,2026-06-30,Provide Advertising or Marketing Services,False,False,False,False,"Best Boat Cruises, Llc",similar name and same city
"Best Boat Cruises, Llc",Digital Marketing Agency,,,,77 W WASHINGTON ST  900A,Chicago,Il,60602,United States,,,City of Chicago Open Data,https://data.cityofchicago.org/resource/r5kz-chrr.json,2026-06-30,Provide Advertising or Marketing Services,False,False,False,False,"Best Boat Cruises, Llc",similar name and same city
"Best Events, Llc",Digital Marketing Agency,,,,77 W WASHINGTON ST  900A,Chicago,Il,60602,United States,,,City of Chicago Open Data,https://data.cityofchicago.org/resource/r5kz-chrr.json,2026-06-30,Provide Advertising or Marketing Services,False,False,False,False,"Best Events, Llc",similar name and same city
"Best Events, Llc",Digital Marketing Agency,,,,401 N MICHIGAN AVE  1200,Chicago,Il,60611,United States,,,City of Chicago Open Data,https://data.cityofchicago.org/resource/r5kz-chrr.json,2026-06-30,Provide Advertising or Marketing Services,False,False,False,False,"Best Events, Llc",similar name and same city
"Best Events Management, Llc",Digital Marketing Agency,,,,401 N MICHIGAN AVE  1200,Chicago,Il,60611,United States,,,City of Chicago Open Data,https://data.cityofchicago.org/resource/r5kz-chrr.json,2026-06-30,Provide Business and Management Consulting | Provide Advertising or Marketing Services,False,False,False,False,"Best Events Management, Llc",similar name and same city
"Be Strategic PR, Inc.",Digital Marketing Agency,,,,607 E 41ST ST 2ND FL,Chicago,Il,60653,United States,,,City of Chicago Open Data,https://data.cityofchicago.org/resource/r5kz-chrr.json,2026-06-30,Marketing / Advertising / Public Relations (Home Based Business),False,False,False,False,"Be Strategic PR, Inc.",similar name and same city
"Be Strategic PR, Inc.",Digital Marketing Agency,,,,607 E 41ST ST 2ND FL,Chicago,Il,60653,United States,,,City of Chicago Open Data,https://data.cityofchicago.org/resource/r5kz-chrr.json,2026-06-30,Marketing / Advertising / Public Relations (Home Based Business),False,False,False,False,"Be Strategic PR, Inc.",similar name and same city
